"Index","X6M","X1Y","X2Y","X3Y","X4Y","X5Y","X6Y","X7Y","X8Y","X9Y","X10Y","X11Y","X12Y","X13Y","X14Y","X15Y","X16Y","X17Y","X18Y","X19Y","X20Y","X21Y","X22Y","X23Y","X24Y","X25Y","X26Y","X27Y","X28Y","X29Y","X30Y"
"2009-04-06",0.7,1.07,1.6,1.98,2.3,2.58,2.83,3.06,3.27,3.45,3.62,3.76,3.89,4,4.1,4.18,4.25,4.31,4.36,4.4,4.43,4.46,4.48,4.49,4.49,4.5,4.5,4.49,4.48,4.47,4.45
"2009-04-09",0.71,1.03,1.52,1.91,2.26,2.56,2.83,3.08,3.3,3.49,3.66,3.81,3.94,4.05,4.15,4.23,4.3,4.36,4.41,4.45,4.48,4.5,4.52,4.53,4.54,4.54,4.53,4.53,4.52,4.5,4.49
"2009-04-20",0.88,1.1,1.51,1.89,2.23,2.53,2.81,3.06,3.28,3.48,3.65,3.8,3.94,4.05,4.15,4.23,4.3,4.35,4.4,4.43,4.45,4.46,4.47,4.46,4.45,4.43,4.41,4.38,4.35,4.31,4.27
"2009-04-27",0.78,1,1.42,1.79,2.13,2.44,2.71,2.96,3.18,3.38,3.55,3.7,3.83,3.95,4.04,4.13,4.19,4.25,4.29,4.32,4.34,4.35,4.36,4.35,4.34,4.32,4.3,4.27,4.24,4.2,4.16
"2009-05-04",0.73,0.97,1.4,1.79,2.14,2.46,2.74,3,3.22,3.42,3.6,3.75,3.88,3.99,4.09,4.17,4.23,4.28,4.32,4.35,4.36,4.37,4.37,4.35,4.34,4.31,4.28,4.25,4.21,4.16,4.11
"2009-05-11",0.63,0.89,1.39,1.83,2.23,2.58,2.9,3.17,3.42,3.64,3.82,3.99,4.12,4.24,4.34,4.42,4.48,4.53,4.57,4.59,4.61,4.61,4.6,4.59,4.57,4.54,4.51,4.47,4.43,4.39,4.34
"2009-05-18",0.62,0.87,1.34,1.77,2.15,2.49,2.8,3.08,3.33,3.55,3.74,3.9,4.05,4.18,4.28,4.37,4.44,4.5,4.55,4.58,4.6,4.61,4.61,4.6,4.59,4.57,4.54,4.51,4.47,4.42,4.38
"2009-05-25",0.78,1.04,1.52,1.95,2.34,2.69,3.01,3.29,3.53,3.75,3.95,4.11,4.26,4.38,4.49,4.57,4.64,4.7,4.74,4.77,4.79,4.8,4.8,4.79,4.78,4.76,4.73,4.69,4.66,4.61,4.57
"2009-06-01",0.78,0.93,1.44,1.95,2.38,2.74,3.05,3.32,3.56,3.76,3.93,4.08,4.21,4.32,4.41,4.49,4.56,4.61,4.66,4.69,4.72,4.74,4.75,4.75,4.76,4.75,4.75,4.74,4.72,4.71,4.69
"2009-06-08",0.85,1.15,1.76,2.23,2.62,2.95,3.24,3.48,3.7,3.88,4.03,4.17,4.28,4.37,4.45,4.51,4.57,4.6,4.63,4.66,4.67,4.68,4.68,4.67,4.66,4.65,4.64,4.62,4.6,4.57,4.55
"2009-06-15",0.73,0.98,1.64,2.14,2.53,2.85,3.13,3.37,3.57,3.75,3.9,4.04,4.15,4.25,4.33,4.41,4.46,4.51,4.55,4.58,4.6,4.62,4.63,4.64,4.64,4.63,4.62,4.61,4.6,4.59,4.57
"2009-06-22",0.68,0.9,1.51,2,2.4,2.74,3.03,3.28,3.49,3.68,3.85,3.99,4.12,4.22,4.32,4.39,4.46,4.51,4.56,4.59,4.62,4.64,4.65,4.66,4.67,4.67,4.66,4.65,4.64,4.63,4.61
"2009-06-29",0.59,0.83,1.4,1.87,2.27,2.6,2.89,3.15,3.37,3.57,3.74,3.89,4.02,4.13,4.23,4.31,4.38,4.44,4.49,4.52,4.55,4.58,4.59,4.6,4.61,4.61,4.61,4.6,4.59,4.58,4.56
"2009-07-06",0.5,0.73,1.27,1.75,2.16,2.5,2.8,3.06,3.29,3.49,3.66,3.8,3.93,4.04,4.13,4.21,4.28,4.33,4.37,4.4,4.43,4.45,4.46,4.46,4.46,4.46,4.45,4.44,4.43,4.41,4.39
"2009-07-13",0.48,0.71,1.27,1.75,2.14,2.47,2.76,3.01,3.23,3.42,3.59,3.73,3.86,3.97,4.06,4.14,4.21,4.26,4.31,4.34,4.37,4.39,4.41,4.42,4.42,4.42,4.41,4.41,4.39,4.38,4.36
"2009-07-20",0.45,0.73,1.4,1.91,2.32,2.66,2.95,3.2,3.42,3.61,3.78,3.92,4.05,4.15,4.24,4.32,4.38,4.43,4.48,4.51,4.53,4.55,4.57,4.57,4.57,4.57,4.56,4.55,4.54,4.53,4.51
"2009-07-27",0.44,0.77,1.46,1.97,2.38,2.71,3,3.25,3.47,3.66,3.82,3.96,4.08,4.19,4.28,4.35,4.41,4.46,4.51,4.54,4.56,4.58,4.59,4.6,4.6,4.59,4.59,4.58,4.56,4.55,4.53
"2009-08-03",0.45,0.72,1.37,1.86,2.24,2.56,2.83,3.06,3.27,3.44,3.6,3.73,3.85,3.95,4.03,4.1,4.16,4.21,4.25,4.28,4.3,4.32,4.33,4.34,4.34,4.34,4.33,4.32,4.31,4.29,4.28
"2009-08-10",0.47,0.9,1.66,2.14,2.5,2.8,3.05,3.26,3.45,3.61,3.74,3.86,3.97,4.05,4.13,4.19,4.24,4.28,4.32,4.34,4.36,4.38,4.38,4.39,4.38,4.38,4.37,4.36,4.35,4.33,4.31
"2009-08-17",0.44,0.75,1.43,1.91,2.28,2.58,2.84,3.07,3.26,3.43,3.58,3.71,3.82,3.91,3.99,4.06,4.12,4.16,4.2,4.23,4.25,4.27,4.28,4.29,4.29,4.28,4.28,4.27,4.26,4.24,4.23
"2009-08-24",0.45,0.79,1.5,2.01,2.38,2.67,2.91,3.1,3.28,3.42,3.56,3.67,3.77,3.86,3.94,4,4.06,4.11,4.16,4.2,4.23,4.25,4.27,4.29,4.3,4.31,4.31,4.32,4.32,4.31,4.31
"2009-08-31",0.44,0.73,1.38,1.89,2.27,2.57,2.82,3.02,3.2,3.36,3.49,3.61,3.72,3.81,3.89,3.96,4.02,4.08,4.13,4.17,4.2,4.23,4.25,4.27,4.29,4.3,4.31,4.31,4.31,4.31,4.31
"2009-09-07",0.4,0.65,1.25,1.78,2.19,2.53,2.8,3.02,3.22,3.38,3.53,3.66,3.77,3.87,3.96,4.03,4.1,4.16,4.21,4.25,4.29,4.32,4.35,4.37,4.38,4.4,4.41,4.41,4.41,4.41,4.41
"2009-09-14",0.4,0.65,1.24,1.76,2.18,2.51,2.79,3.02,3.21,3.38,3.53,3.66,3.77,3.87,3.95,4.03,4.1,4.16,4.21,4.25,4.28,4.31,4.34,4.36,4.38,4.39,4.4,4.4,4.4,4.4,4.4
"2009-09-21",0.42,0.7,1.31,1.84,2.27,2.62,2.9,3.13,3.33,3.5,3.65,3.79,3.9,4,4.09,4.17,4.23,4.29,4.34,4.38,4.42,4.45,4.47,4.49,4.51,4.52,4.53,4.53,4.53,4.53,4.53
"2009-09-28",0.41,0.67,1.25,1.76,2.17,2.5,2.78,3.01,3.2,3.37,3.52,3.64,3.75,3.85,3.93,4,4.06,4.12,4.16,4.2,4.23,4.26,4.28,4.29,4.3,4.31,4.31,4.31,4.31,4.3,4.3
"2009-10-05",0.4,0.72,1.26,1.7,2.07,2.38,2.66,2.9,3.1,3.29,3.45,3.58,3.7,3.8,3.89,3.96,4.02,4.07,4.11,4.14,4.17,4.18,4.19,4.2,4.2,4.19,4.18,4.17,4.16,4.14,4.12
"2009-10-12",0.51,0.86,1.42,1.85,2.21,2.5,2.76,2.99,3.19,3.37,3.52,3.66,3.77,3.87,3.96,4.03,4.09,4.14,4.18,4.21,4.24,4.25,4.26,4.27,4.27,4.26,4.26,4.25,4.23,4.22,4.2
"2009-10-19",0.53,0.91,1.5,1.94,2.29,2.59,2.85,3.08,3.28,3.45,3.61,3.75,3.87,3.97,4.06,4.13,4.2,4.25,4.29,4.33,4.35,4.37,4.39,4.39,4.4,4.39,4.39,4.38,4.37,4.35,4.33
"2009-10-26",0.5,0.87,1.45,1.91,2.28,2.6,2.88,3.12,3.33,3.51,3.68,3.82,3.94,4.04,4.13,4.21,4.27,4.33,4.37,4.4,4.43,4.45,4.46,4.46,4.47,4.46,4.46,4.44,4.43,4.42,4.4
"2009-11-02",0.51,0.84,1.39,1.82,2.19,2.5,2.77,3,3.21,3.39,3.55,3.69,3.81,3.92,4.01,4.08,4.15,4.2,4.24,4.27,4.3,4.32,4.33,4.34,4.34,4.34,4.33,4.32,4.31,4.3,4.28
"2009-11-09",0.49,0.8,1.35,1.81,2.2,2.54,2.84,3.09,3.32,3.51,3.68,3.83,3.95,4.06,4.15,4.22,4.28,4.33,4.37,4.4,4.42,4.44,4.45,4.45,4.45,4.44,4.43,4.42,4.4,4.38,4.36
"2009-11-16",0.5,0.73,1.29,1.75,2.13,2.46,2.75,3,3.22,3.41,3.57,3.72,3.84,3.95,4.04,4.11,4.18,4.23,4.27,4.31,4.33,4.35,4.36,4.37,4.37,4.37,4.36,4.35,4.34,4.33,4.31
"2009-11-23",0.54,0.79,1.34,1.78,2.15,2.46,2.74,2.98,3.18,3.37,3.52,3.66,3.78,3.88,3.97,4.04,4.1,4.15,4.2,4.23,4.25,4.27,4.28,4.29,4.29,4.29,4.28,4.27,4.26,4.24,4.22
"2009-11-30",0.52,0.8,1.27,1.67,2.02,2.32,2.59,2.83,3.05,3.23,3.4,3.54,3.67,3.78,3.88,3.96,4.03,4.08,4.13,4.17,4.2,4.22,4.24,4.25,4.26,4.26,4.26,4.25,4.24,4.23,4.21
"2009-12-07",0.5,0.83,1.37,1.79,2.14,2.44,2.7,2.93,3.14,3.32,3.48,3.62,3.74,3.85,3.94,4.02,4.09,4.14,4.19,4.23,4.25,4.28,4.29,4.3,4.3,4.3,4.3,4.29,4.28,4.27,4.25
"2009-12-14",0.47,0.76,1.26,1.68,2.04,2.35,2.63,2.88,3.1,3.29,3.46,3.61,3.74,3.85,3.95,4.03,4.1,4.15,4.2,4.24,4.26,4.29,4.3,4.31,4.32,4.31,4.31,4.3,4.29,4.28,4.26
"2009-12-21",0.45,0.7,1.17,1.59,1.96,2.29,2.58,2.83,3.06,3.25,3.42,3.56,3.69,3.8,3.89,3.97,4.03,4.08,4.12,4.15,4.18,4.19,4.2,4.21,4.21,4.2,4.19,4.18,4.17,4.15,4.13
"2009-12-28",0.46,0.74,1.26,1.71,2.11,2.46,2.76,3.03,3.26,3.46,3.64,3.79,3.91,4.02,4.11,4.18,4.24,4.29,4.32,4.35,4.37,4.38,4.39,4.38,4.38,4.37,4.36,4.34,4.32,4.3,4.28
"2010-01-04",0.46,0.81,1.39,1.84,2.22,2.55,2.83,3.08,3.3,3.49,3.65,3.8,3.92,4.03,4.12,4.19,4.26,4.31,4.35,4.38,4.4,4.42,4.43,4.43,4.43,4.43,4.42,4.41,4.39,4.37,4.35
"2010-01-11",0.41,0.73,1.3,1.77,2.17,2.52,2.81,3.07,3.3,3.49,3.66,3.8,3.93,4.03,4.12,4.2,4.26,4.31,4.35,4.38,4.4,4.42,4.43,4.43,4.43,4.43,4.42,4.4,4.39,4.37,4.35
"2010-01-18",0.36,0.66,1.19,1.64,2.04,2.39,2.69,2.95,3.18,3.37,3.54,3.69,3.82,3.93,4.02,4.09,4.15,4.2,4.24,4.27,4.3,4.31,4.32,4.32,4.32,4.32,4.31,4.29,4.28,4.26,4.24
"2010-01-25",0.37,0.66,1.17,1.62,2,2.34,2.64,2.9,3.13,3.33,3.5,3.65,3.78,3.89,3.98,4.06,4.13,4.18,4.22,4.25,4.28,4.3,4.31,4.31,4.31,4.31,4.3,4.28,4.27,4.25,4.23
"2010-02-01",0.41,0.68,1.18,1.61,1.99,2.32,2.61,2.86,3.09,3.28,3.45,3.59,3.71,3.82,3.91,3.98,4.05,4.09,4.13,4.16,4.19,4.2,4.21,4.21,4.21,4.2,4.19,4.18,4.17,4.15,4.13
"2010-02-08",0.41,0.61,1.05,1.48,1.87,2.21,2.51,2.78,3,3.2,3.37,3.51,3.63,3.74,3.82,3.89,3.95,3.99,4.03,4.05,4.07,4.08,4.09,4.09,4.08,4.07,4.06,4.04,4.02,4,3.98
"2010-02-15",0.38,0.58,1.04,1.5,1.91,2.27,2.58,2.85,3.09,3.29,3.47,3.61,3.74,3.85,3.94,4.01,4.07,4.12,4.16,4.19,4.21,4.22,4.23,4.23,4.23,4.22,4.21,4.19,4.17,4.15,4.13
"2010-02-22",0.4,0.6,1.07,1.54,1.96,2.33,2.65,2.93,3.17,3.38,3.55,3.7,3.83,3.94,4.03,4.1,4.16,4.21,4.25,4.28,4.3,4.31,4.31,4.31,4.31,4.3,4.29,4.27,4.25,4.23,4.21
"2010-03-01",0.38,0.54,0.96,1.41,1.82,2.19,2.51,2.78,3.02,3.22,3.4,3.55,3.67,3.78,3.87,3.94,4,4.05,4.08,4.11,4.13,4.14,4.15,4.15,4.14,4.13,4.12,4.1,4.09,4.07,4.04
"2010-03-08",0.4,0.55,0.98,1.44,1.85,2.22,2.53,2.81,3.04,3.24,3.42,3.57,3.7,3.8,3.89,3.97,4.03,4.08,4.12,4.15,4.17,4.19,4.2,4.2,4.2,4.19,4.18,4.17,4.15,4.13,4.11
"2010-03-15",0.39,0.58,1.03,1.48,1.89,2.24,2.55,2.81,3.04,3.24,3.41,3.56,3.68,3.79,3.88,3.95,4.01,4.06,4.1,4.13,4.15,4.17,4.18,4.18,4.18,4.17,4.17,4.16,4.14,4.12,4.11
"2010-03-22",0.38,0.56,0.99,1.43,1.83,2.18,2.49,2.75,2.98,3.18,3.35,3.5,3.63,3.74,3.83,3.91,3.97,4.02,4.06,4.1,4.12,4.14,4.15,4.15,4.15,4.15,4.14,4.13,4.11,4.1,4.08
"2010-03-29",0.38,0.55,1.01,1.48,1.9,2.26,2.57,2.83,3.06,3.26,3.42,3.57,3.69,3.79,3.87,3.94,4,4.05,4.08,4.11,4.13,4.14,4.15,4.15,4.14,4.14,4.12,4.11,4.09,4.08,4.06
"2010-04-01",0.4,0.55,0.97,1.41,1.82,2.19,2.51,2.78,3.01,3.21,3.38,3.52,3.64,3.74,3.82,3.88,3.94,3.98,4.02,4.04,4.06,4.07,4.08,4.08,4.08,4.07,4.07,4.06,4.04,4.03,4.01
"2010-04-12",0.42,0.59,1.02,1.48,1.9,2.28,2.6,2.87,3.1,3.29,3.46,3.59,3.71,3.8,3.88,3.94,3.99,4.03,4.06,4.09,4.1,4.11,4.12,4.12,4.12,4.12,4.11,4.11,4.1,4.09,4.07
"2010-04-19",0.37,0.51,0.91,1.35,1.77,2.14,2.47,2.74,2.98,3.18,3.35,3.49,3.61,3.71,3.79,3.86,3.91,3.96,3.99,4.02,4.04,4.06,4.07,4.07,4.08,4.08,4.07,4.07,4.06,4.05,4.04
"2010-04-26",0.38,0.53,0.92,1.35,1.76,2.12,2.44,2.71,2.94,3.14,3.3,3.44,3.56,3.66,3.74,3.81,3.87,3.91,3.94,3.97,3.99,4,4.01,4.01,4.01,4.01,4,3.99,3.97,3.95,3.94
"2010-05-03",0.37,0.48,0.84,1.27,1.68,2.06,2.38,2.66,2.9,3.09,3.26,3.4,3.51,3.6,3.68,3.74,3.79,3.84,3.87,3.89,3.91,3.92,3.93,3.93,3.93,3.93,3.92,3.92,3.91,3.89,3.88
"2010-05-10",0.23,0.31,0.66,1.11,1.54,1.94,2.28,2.58,2.82,3.03,3.21,3.35,3.48,3.58,3.66,3.73,3.79,3.84,3.87,3.9,3.92,3.94,3.95,3.95,3.95,3.95,3.95,3.94,3.93,3.92,3.9
"2010-05-17",0.25,0.28,0.56,0.95,1.37,1.77,2.13,2.44,2.7,2.93,3.11,3.27,3.39,3.5,3.58,3.65,3.71,3.75,3.79,3.82,3.84,3.85,3.86,3.87,3.87,3.87,3.87,3.87,3.86,3.85,3.85
"2010-05-24",0.22,0.26,0.49,0.84,1.22,1.59,1.93,2.23,2.49,2.71,2.89,3.04,3.16,3.26,3.34,3.4,3.45,3.49,3.52,3.54,3.56,3.57,3.58,3.58,3.58,3.58,3.58,3.58,3.57,3.56,3.56
"2010-05-31",0.19,0.23,0.49,0.85,1.24,1.61,1.95,2.25,2.5,2.71,2.89,3.03,3.15,3.25,3.33,3.39,3.44,3.48,3.51,3.53,3.55,3.56,3.56,3.57,3.57,3.57,3.57,3.56,3.55,3.55,3.54
"2010-06-07",0.17,0.21,0.43,0.77,1.14,1.5,1.84,2.14,2.4,2.62,2.81,2.96,3.09,3.19,3.27,3.34,3.39,3.43,3.46,3.48,3.49,3.5,3.5,3.5,3.5,3.5,3.49,3.48,3.48,3.47,3.46
"2010-06-14",0.16,0.2,0.45,0.8,1.18,1.55,1.9,2.2,2.46,2.69,2.87,3.03,3.16,3.26,3.34,3.41,3.46,3.5,3.52,3.55,3.56,3.57,3.57,3.57,3.57,3.56,3.55,3.54,3.53,3.52,3.51
"2010-06-21",0.24,0.31,0.58,0.94,1.32,1.69,2.03,2.34,2.6,2.82,3.01,3.16,3.28,3.38,3.46,3.52,3.56,3.6,3.62,3.64,3.65,3.66,3.67,3.67,3.67,3.66,3.66,3.66,3.65,3.65,3.64
"2010-06-28",0.28,0.33,0.56,0.88,1.23,1.58,1.91,2.2,2.47,2.69,2.88,3.03,3.16,3.27,3.35,3.41,3.46,3.5,3.53,3.55,3.56,3.57,3.57,3.57,3.57,3.57,3.56,3.56,3.55,3.54,3.54
"2010-07-05",0.29,0.37,0.61,0.92,1.24,1.56,1.86,2.13,2.37,2.59,2.77,2.92,3.04,3.15,3.23,3.29,3.34,3.38,3.41,3.43,3.44,3.45,3.45,3.45,3.45,3.44,3.43,3.42,3.41,3.4,3.39
"2010-07-12",0.37,0.45,0.69,1,1.32,1.63,1.93,2.19,2.43,2.63,2.8,2.94,3.06,3.15,3.23,3.29,3.33,3.37,3.39,3.41,3.42,3.43,3.43,3.43,3.43,3.42,3.42,3.41,3.4,3.4,3.39
"2010-07-19",0.38,0.62,0.78,1.05,1.4,1.74,2.04,2.29,2.49,2.66,2.8,2.91,3.01,3.09,3.16,3.23,3.28,3.33,3.37,3.41,3.44,3.47,3.5,3.53,3.55,3.57,3.59,3.61,3.63,3.64,3.66
"2010-07-26",0.34,0.58,0.73,1.06,1.45,1.81,2.12,2.37,2.58,2.74,2.88,2.99,3.08,3.16,3.23,3.29,3.34,3.39,3.43,3.47,3.5,3.53,3.56,3.58,3.6,3.62,3.64,3.66,3.68,3.69,3.71
"2010-08-02",0.42,0.53,0.82,1.15,1.48,1.8,2.09,2.35,2.57,2.77,2.93,3.07,3.19,3.29,3.36,3.43,3.48,3.52,3.54,3.57,3.58,3.59,3.59,3.59,3.59,3.58,3.58,3.57,3.56,3.54,3.53
"2010-08-09",0.51,0.56,0.76,1.03,1.33,1.63,1.91,2.16,2.38,2.58,2.74,2.88,3,3.09,3.17,3.23,3.28,3.32,3.34,3.36,3.38,3.39,3.39,3.39,3.39,3.38,3.38,3.37,3.36,3.35,3.33
"2010-08-16",0.44,0.45,0.6,0.86,1.15,1.45,1.73,1.99,2.22,2.42,2.59,2.74,2.86,2.96,3.05,3.12,3.18,3.22,3.25,3.28,3.29,3.3,3.31,3.31,3.3,3.29,3.28,3.27,3.25,3.23,3.21
"2010-08-23",0.4,0.41,0.58,0.84,1.12,1.41,1.67,1.91,2.13,2.31,2.47,2.6,2.71,2.81,2.88,2.94,2.99,3.03,3.06,3.08,3.09,3.09,3.1,3.09,3.09,3.08,3.06,3.05,3.03,3.01,2.99
"2010-08-30",0.4,0.43,0.59,0.83,1.09,1.35,1.6,1.82,2.02,2.19,2.33,2.45,2.54,2.62,2.68,2.73,2.77,2.8,2.82,2.83,2.84,2.84,2.84,2.83,2.82,2.81,2.8,2.79,2.78,2.77,2.75
"2010-09-06",0.43,0.46,0.64,0.89,1.16,1.44,1.7,1.94,2.16,2.34,2.5,2.64,2.76,2.85,2.93,2.99,3.05,3.08,3.11,3.14,3.15,3.16,3.16,3.16,3.15,3.14,3.13,3.11,3.09,3.07,3.05
"2010-09-13",0.47,0.53,0.74,1.01,1.29,1.57,1.84,2.07,2.28,2.47,2.62,2.76,2.87,2.96,3.04,3.1,3.15,3.19,3.22,3.24,3.25,3.26,3.26,3.26,3.25,3.24,3.23,3.21,3.19,3.18,3.16
"2010-09-20",0.5,0.58,0.8,1.07,1.36,1.64,1.89,2.13,2.33,2.51,2.66,2.8,2.91,3,3.08,3.14,3.19,3.23,3.26,3.29,3.3,3.31,3.31,3.31,3.31,3.3,3.28,3.27,3.25,3.23,3.21
"2010-09-27",0.49,0.54,0.71,0.96,1.22,1.48,1.73,1.96,2.16,2.34,2.49,2.63,2.74,2.84,2.92,2.98,3.03,3.07,3.1,3.13,3.14,3.15,3.15,3.15,3.14,3.13,3.12,3.1,3.08,3.06,3.04
"2010-10-04",0.66,0.68,0.82,1.03,1.27,1.51,1.74,1.95,2.13,2.29,2.43,2.55,2.66,2.74,2.81,2.87,2.92,2.96,2.99,3.01,3.02,3.03,3.03,3.03,3.02,3.01,3,2.99,2.97,2.95,2.93
"2010-10-11",0.66,0.66,0.79,1,1.24,1.49,1.73,1.94,2.14,2.31,2.46,2.59,2.7,2.8,2.87,2.94,2.99,3.03,3.06,3.08,3.1,3.11,3.11,3.11,3.1,3.09,3.08,3.06,3.05,3.03,3
"2010-10-18",0.74,0.74,0.86,1.06,1.3,1.55,1.79,2.02,2.22,2.41,2.56,2.7,2.82,2.91,2.99,3.06,3.11,3.15,3.18,3.2,3.21,3.22,3.22,3.21,3.2,3.19,3.17,3.15,3.13,3.11,3.08
"2010-10-25",0.78,0.82,0.99,1.22,1.46,1.71,1.94,2.15,2.34,2.51,2.65,2.77,2.87,2.95,3.02,3.08,3.12,3.15,3.18,3.19,3.2,3.2,3.2,3.19,3.17,3.16,3.14,3.12,3.1,3.07,3.05
"2010-11-01",0.82,0.85,1,1.23,1.48,1.73,1.96,2.17,2.36,2.52,2.66,2.77,2.87,2.95,3.02,3.07,3.11,3.14,3.16,3.17,3.18,3.18,3.17,3.16,3.15,3.13,3.11,3.09,3.07,3.04,3.02
"2010-11-08",0.82,0.83,0.95,1.15,1.38,1.62,1.86,2.08,2.28,2.45,2.61,2.74,2.85,2.94,3.02,3.08,3.12,3.15,3.18,3.19,3.19,3.19,3.18,3.17,3.15,3.13,3.11,3.08,3.05,3.03,2.99
"2010-11-15",0.78,0.84,1.03,1.26,1.51,1.76,2,2.22,2.42,2.6,2.76,2.89,3,3.09,3.17,3.23,3.27,3.31,3.33,3.34,3.34,3.34,3.33,3.32,3.3,3.28,3.25,3.22,3.19,3.16,3.13
"2010-11-22",0.75,0.84,1.08,1.36,1.65,1.92,2.18,2.41,2.61,2.79,2.94,3.06,3.17,3.25,3.32,3.37,3.41,3.44,3.45,3.46,3.46,3.46,3.45,3.44,3.42,3.4,3.37,3.35,3.32,3.29,3.26
"2010-11-29",0.64,0.7,0.93,1.23,1.55,1.86,2.15,2.4,2.63,2.81,2.97,3.11,3.21,3.3,3.37,3.42,3.46,3.48,3.5,3.51,3.51,3.5,3.49,3.47,3.46,3.43,3.41,3.39,3.36,3.33,3.3
"2010-12-06",0.56,0.61,0.84,1.17,1.52,1.87,2.19,2.47,2.71,2.91,3.07,3.21,3.32,3.4,3.47,3.52,3.55,3.58,3.59,3.6,3.6,3.59,3.58,3.57,3.55,3.54,3.52,3.5,3.48,3.46,3.44
"2010-12-13",0.55,0.71,1.06,1.44,1.79,2.11,2.4,2.65,2.86,3.04,3.19,3.31,3.4,3.48,3.54,3.59,3.62,3.64,3.65,3.66,3.66,3.65,3.64,3.62,3.61,3.59,3.56,3.54,3.52,3.49,3.47
"2010-12-20",0.57,0.69,1.03,1.4,1.77,2.11,2.41,2.66,2.88,3.06,3.21,3.34,3.44,3.53,3.59,3.64,3.68,3.71,3.72,3.73,3.74,3.73,3.72,3.71,3.69,3.67,3.65,3.63,3.6,3.57,3.54
"2010-12-27",0.48,0.62,0.97,1.36,1.74,2.1,2.41,2.68,2.91,3.1,3.26,3.39,3.5,3.58,3.65,3.7,3.74,3.76,3.78,3.78,3.78,3.78,3.76,3.75,3.73,3.71,3.68,3.65,3.62,3.59,3.56
"2011-01-03",0.46,0.53,0.84,1.22,1.61,1.97,2.29,2.57,2.8,3,3.16,3.29,3.4,3.49,3.56,3.61,3.65,3.67,3.69,3.7,3.7,3.69,3.68,3.67,3.65,3.63,3.6,3.58,3.55,3.52,3.49
"2011-01-10",0.5,0.59,0.88,1.25,1.61,1.96,2.27,2.54,2.77,2.96,3.12,3.26,3.37,3.46,3.53,3.58,3.62,3.65,3.67,3.68,3.69,3.69,3.68,3.67,3.65,3.63,3.61,3.58,3.56,3.53,3.5
"2011-01-17",0.6,0.76,1.12,1.49,1.84,2.17,2.45,2.7,2.91,3.09,3.24,3.37,3.47,3.55,3.62,3.67,3.7,3.73,3.75,3.76,3.76,3.75,3.74,3.73,3.71,3.69,3.66,3.64,3.61,3.58,3.55
"2011-01-24",0.68,0.9,1.33,1.72,2.06,2.37,2.63,2.86,3.05,3.22,3.36,3.47,3.57,3.65,3.71,3.75,3.79,3.82,3.83,3.84,3.84,3.84,3.83,3.82,3.8,3.78,3.76,3.73,3.7,3.68,3.65
"2011-01-31",0.83,1.04,1.45,1.82,2.15,2.44,2.69,2.9,3.08,3.24,3.36,3.47,3.56,3.63,3.69,3.74,3.77,3.8,3.82,3.83,3.83,3.83,3.82,3.81,3.8,3.78,3.76,3.74,3.71,3.69,3.66
"2011-02-07",0.83,1.05,1.47,1.84,2.18,2.48,2.74,2.97,3.17,3.34,3.48,3.6,3.7,3.78,3.84,3.89,3.93,3.95,3.97,3.98,3.98,3.97,3.96,3.94,3.92,3.9,3.87,3.85,3.82,3.79,3.75
"2011-02-14",0.82,1.05,1.47,1.85,2.19,2.49,2.75,2.98,3.18,3.35,3.5,3.62,3.73,3.81,3.88,3.93,3.97,4,4.02,4.03,4.04,4.03,4.02,4.01,3.99,3.97,3.94,3.92,3.89,3.86,3.83
"2011-02-21",0.83,1.05,1.45,1.82,2.14,2.43,2.68,2.91,3.1,3.26,3.4,3.52,3.62,3.71,3.77,3.83,3.87,3.9,3.92,3.93,3.93,3.93,3.92,3.91,3.89,3.87,3.85,3.82,3.8,3.77,3.74
"2011-02-28",0.89,1.1,1.48,1.82,2.13,2.4,2.64,2.85,3.03,3.19,3.33,3.44,3.54,3.62,3.68,3.73,3.77,3.8,3.82,3.83,3.84,3.84,3.83,3.82,3.8,3.78,3.76,3.73,3.71,3.68,3.65
"2011-03-07",0.98,1.31,1.76,2.1,2.4,2.65,2.87,3.06,3.23,3.37,3.49,3.59,3.68,3.75,3.81,3.85,3.89,3.92,3.94,3.95,3.96,3.96,3.96,3.95,3.94,3.92,3.9,3.88,3.86,3.84,3.82
"2011-03-14",0.92,1.22,1.67,2.03,2.33,2.59,2.82,3.02,3.18,3.33,3.45,3.55,3.64,3.71,3.77,3.82,3.86,3.88,3.9,3.91,3.92,3.92,3.92,3.91,3.9,3.88,3.86,3.84,3.82,3.8,3.77
"2011-03-21",0.93,1.23,1.66,1.99,2.28,2.53,2.76,2.96,3.13,3.28,3.41,3.52,3.61,3.69,3.75,3.81,3.85,3.88,3.9,3.91,3.92,3.93,3.92,3.92,3.9,3.89,3.87,3.85,3.83,3.81,3.78
"2011-03-28",0.95,1.29,1.75,2.11,2.4,2.66,2.88,3.07,3.24,3.38,3.51,3.61,3.7,3.78,3.84,3.89,3.94,3.97,3.99,4.01,4.02,4.03,4.03,4.03,4.02,4.01,3.99,3.98,3.96,3.94,3.92
"2011-04-04",0.97,1.35,1.83,2.19,2.49,2.74,2.97,3.16,3.32,3.46,3.59,3.69,3.78,3.85,3.91,3.96,4,4.03,4.05,4.07,4.07,4.08,4.08,4.07,4.06,4.05,4.03,4.02,4,3.98,3.95
"2011-04-11",1.05,1.44,1.95,2.32,2.61,2.86,3.08,3.27,3.43,3.57,3.7,3.8,3.89,3.96,4.02,4.07,4.11,4.14,4.17,4.18,4.2,4.2,4.2,4.2,4.19,4.18,4.17,4.15,4.13,4.11,4.09
"2011-04-18",1.07,1.41,1.85,2.18,2.47,2.71,2.93,3.11,3.28,3.42,3.54,3.64,3.73,3.8,3.86,3.91,3.96,3.99,4.01,4.03,4.04,4.05,4.05,4.04,4.04,4.03,4.01,4,3.98,3.96,3.94
"2011-04-21",1.12,1.45,1.89,2.22,2.49,2.72,2.93,3.11,3.27,3.4,3.52,3.62,3.71,3.78,3.84,3.89,3.93,3.97,3.99,4.01,4.03,4.03,4.04,4.03,4.03,4.02,4.01,3.99,3.98,3.96,3.94
"2011-05-02",1.2,1.47,1.87,2.18,2.44,2.67,2.86,3.04,3.19,3.32,3.44,3.54,3.62,3.7,3.76,3.81,3.85,3.88,3.91,3.93,3.94,3.95,3.95,3.95,3.94,3.93,3.92,3.91,3.89,3.88,3.86
"2011-05-09",1.19,1.45,1.81,2.09,2.33,2.55,2.74,2.91,3.07,3.2,3.32,3.42,3.51,3.59,3.65,3.7,3.75,3.78,3.81,3.83,3.84,3.85,3.85,3.85,3.85,3.84,3.83,3.82,3.8,3.78,3.76
"2011-05-16",1.19,1.45,1.77,2.02,2.25,2.46,2.66,2.83,2.99,3.13,3.25,3.35,3.45,3.52,3.59,3.65,3.69,3.73,3.76,3.78,3.8,3.81,3.81,3.81,3.81,3.81,3.8,3.78,3.77,3.75,3.74
"2011-05-23",1.17,1.41,1.7,1.94,2.17,2.38,2.58,2.75,2.91,3.05,3.18,3.28,3.38,3.45,3.52,3.58,3.63,3.67,3.7,3.72,3.74,3.75,3.76,3.76,3.76,3.75,3.74,3.73,3.72,3.7,3.69
"2011-05-30",1.15,1.35,1.59,1.84,2.09,2.32,2.53,2.72,2.88,3.03,3.16,3.27,3.36,3.45,3.52,3.57,3.62,3.66,3.69,3.71,3.73,3.74,3.74,3.74,3.74,3.73,3.72,3.71,3.7,3.68,3.66
"2011-06-06",1.21,1.42,1.69,1.93,2.16,2.38,2.58,2.76,2.92,3.06,3.19,3.29,3.39,3.47,3.54,3.59,3.64,3.68,3.71,3.74,3.75,3.77,3.77,3.78,3.78,3.77,3.76,3.75,3.74,3.72,3.71
"2011-06-13",1.24,1.34,1.55,1.77,2,2.22,2.43,2.62,2.81,2.97,3.12,3.25,3.36,3.46,3.54,3.61,3.66,3.71,3.74,3.76,3.78,3.79,3.79,3.78,3.77,3.76,3.74,3.72,3.69,3.66,3.64
"2011-06-20",1.23,1.31,1.51,1.73,1.95,2.17,2.38,2.59,2.77,2.94,3.1,3.24,3.36,3.46,3.55,3.62,3.68,3.73,3.77,3.79,3.81,3.82,3.82,3.82,3.81,3.79,3.78,3.76,3.73,3.71,3.68
"2011-06-27",1.18,1.25,1.43,1.64,1.86,2.08,2.3,2.51,2.7,2.88,3.05,3.19,3.32,3.43,3.53,3.61,3.68,3.73,3.78,3.81,3.83,3.84,3.85,3.85,3.84,3.83,3.81,3.79,3.77,3.74,3.72
"2011-07-04",1.29,1.42,1.66,1.9,2.12,2.34,2.53,2.71,2.88,3.03,3.17,3.29,3.4,3.5,3.58,3.66,3.72,3.77,3.82,3.85,3.88,3.9,3.91,3.92,3.92,3.92,3.92,3.91,3.9,3.88,3.86
"2011-07-11",1.22,1.29,1.45,1.64,1.84,2.04,2.23,2.42,2.59,2.75,2.9,3.03,3.15,3.25,3.34,3.41,3.47,3.52,3.56,3.59,3.61,3.63,3.63,3.63,3.63,3.62,3.6,3.58,3.56,3.54,3.51
"2011-07-18",1.09,1.13,1.27,1.45,1.66,1.87,2.09,2.29,2.48,2.65,2.81,2.95,3.07,3.18,3.27,3.35,3.41,3.46,3.5,3.53,3.55,3.56,3.56,3.56,3.55,3.54,3.53,3.51,3.49,3.47,3.44
"2011-07-25",1.16,1.24,1.42,1.62,1.84,2.05,2.26,2.46,2.65,2.82,2.98,3.12,3.25,3.36,3.45,3.53,3.6,3.66,3.7,3.73,3.76,3.78,3.79,3.79,3.79,3.78,3.77,3.75,3.73,3.71,3.68
"2011-08-01",1.04,1.1,1.25,1.43,1.63,1.84,2.04,2.24,2.43,2.6,2.76,2.9,3.03,3.15,3.24,3.33,3.4,3.45,3.5,3.53,3.56,3.58,3.59,3.59,3.59,3.58,3.57,3.55,3.53,3.51,3.48
"2011-08-08",0.71,0.82,0.85,1.05,1.32,1.59,1.84,2.06,2.27,2.45,2.61,2.75,2.87,2.98,3.07,3.14,3.2,3.26,3.3,3.33,3.36,3.38,3.39,3.39,3.39,3.39,3.38,3.37,3.36,3.35,3.33
"2011-08-15",0.58,0.72,0.78,0.99,1.26,1.52,1.78,2.01,2.22,2.41,2.57,2.72,2.85,2.96,3.05,3.13,3.2,3.26,3.31,3.35,3.38,3.4,3.42,3.43,3.43,3.43,3.43,3.42,3.41,3.4,3.39
"2011-08-22",0.53,0.64,0.68,0.87,1.11,1.35,1.58,1.79,1.99,2.16,2.32,2.46,2.58,2.69,2.78,2.86,2.93,2.99,3.04,3.08,3.12,3.14,3.17,3.18,3.19,3.2,3.2,3.2,3.19,3.18,3.17
"2011-08-29",0.54,0.62,0.66,0.85,1.1,1.35,1.59,1.81,2.01,2.19,2.35,2.49,2.62,2.73,2.83,2.92,2.99,3.06,3.11,3.16,3.19,3.22,3.25,3.27,3.28,3.29,3.29,3.29,3.29,3.28,3.27
"2011-09-05",0.43,0.47,0.48,0.66,0.9,1.13,1.36,1.57,1.77,1.95,2.11,2.26,2.39,2.51,2.61,2.7,2.79,2.86,2.92,2.98,3.03,3.07,3.1,3.13,3.15,3.17,3.18,3.19,3.19,3.19,3.19
"2011-09-12",0.21,0.26,0.39,0.56,0.74,0.94,1.13,1.33,1.52,1.7,1.87,2.02,2.16,2.29,2.4,2.5,2.59,2.66,2.72,2.78,2.82,2.85,2.88,2.89,2.9,2.91,2.91,2.9,2.89,2.88,2.86
"2011-09-19",0.29,0.35,0.49,0.66,0.85,1.04,1.24,1.43,1.61,1.78,1.94,2.09,2.22,2.34,2.44,2.53,2.61,2.68,2.73,2.78,2.81,2.84,2.86,2.87,2.87,2.87,2.87,2.86,2.85,2.83,2.81
"2011-09-26",0.14,0.23,0.43,0.64,0.85,1.06,1.26,1.45,1.63,1.79,1.94,2.07,2.19,2.3,2.39,2.47,2.54,2.59,2.64,2.67,2.7,2.72,2.73,2.74,2.74,2.74,2.73,2.72,2.7,2.68,2.66
"2011-10-03",0.25,0.33,0.5,0.69,0.89,1.09,1.29,1.48,1.66,1.82,1.97,2.11,2.23,2.34,2.44,2.52,2.59,2.65,2.7,2.74,2.77,2.8,2.81,2.82,2.82,2.82,2.81,2.8,2.79,2.77,2.75
"2011-10-10",0.37,0.45,0.64,0.85,1.06,1.28,1.49,1.69,1.88,2.05,2.21,2.35,2.48,2.59,2.69,2.77,2.84,2.9,2.95,2.99,3.01,3.03,3.05,3.05,3.05,3.04,3.03,3.02,3,2.98,2.96
"2011-10-17",0.39,0.49,0.7,0.93,1.17,1.41,1.64,1.85,2.06,2.24,2.4,2.55,2.68,2.8,2.89,2.97,3.04,3.09,3.14,3.17,3.19,3.2,3.21,3.21,3.2,3.19,3.17,3.15,3.13,3.11,3.08
"2011-10-24",0.36,0.44,0.62,0.83,1.05,1.27,1.48,1.68,1.87,2.05,2.21,2.36,2.48,2.6,2.69,2.77,2.84,2.9,2.94,2.98,3,3.02,3.03,3.03,3.03,3.02,3,2.99,2.97,2.94,2.92
"2011-10-31",0.36,0.42,0.59,0.8,1.03,1.27,1.5,1.73,1.94,2.14,2.32,2.48,2.62,2.74,2.84,2.93,3,3.05,3.1,3.13,3.15,3.16,3.16,3.16,3.15,3.14,3.12,3.1,3.07,3.04,3.01
"2011-11-07",0.2,0.24,0.36,0.52,0.72,0.94,1.16,1.38,1.58,1.78,1.96,2.12,2.26,2.39,2.5,2.59,2.67,2.74,2.79,2.83,2.86,2.88,2.89,2.89,2.89,2.88,2.87,2.85,2.83,2.81,2.78
"2011-11-14",0.14,0.2,0.37,0.56,0.78,1.01,1.23,1.44,1.64,1.83,2,2.15,2.28,2.39,2.49,2.57,2.64,2.69,2.74,2.77,2.79,2.8,2.8,2.8,2.79,2.78,2.76,2.74,2.72,2.69,2.66
"2011-11-21",0.14,0.21,0.38,0.59,0.81,1.05,1.28,1.5,1.71,1.9,2.07,2.22,2.35,2.46,2.56,2.64,2.7,2.75,2.78,2.81,2.82,2.83,2.83,2.82,2.8,2.79,2.76,2.74,2.71,2.68,2.65
"2011-11-28",0.1,0.21,0.47,0.75,1.04,1.32,1.6,1.85,2.08,2.29,2.47,2.63,2.77,2.88,2.98,3.06,3.11,3.16,3.19,3.21,3.22,3.22,3.22,3.2,3.18,3.16,3.13,3.11,3.07,3.04,3
"2011-12-05",0.03,0.11,0.32,0.59,0.87,1.16,1.44,1.71,1.95,2.17,2.36,2.53,2.67,2.79,2.89,2.96,3.02,3.07,3.1,3.11,3.12,3.12,3.11,3.09,3.07,3.04,3.01,2.98,2.94,2.91,2.87
"2011-12-12",0.02,0.09,0.27,0.52,0.79,1.07,1.34,1.6,1.84,2.05,2.23,2.39,2.53,2.64,2.73,2.8,2.85,2.89,2.91,2.92,2.93,2.92,2.9,2.88,2.86,2.83,2.79,2.76,2.72,2.68,2.64
"2011-12-19",0.01,0.05,0.21,0.43,0.68,0.93,1.19,1.43,1.66,1.86,2.04,2.2,2.33,2.44,2.53,2.6,2.66,2.69,2.72,2.73,2.74,2.73,2.72,2.7,2.68,2.65,2.62,2.58,2.55,2.51,2.47
"2011-12-23",-0.04,0.03,0.21,0.45,0.71,0.97,1.23,1.47,1.7,1.9,2.08,2.23,2.36,2.47,2.56,2.63,2.69,2.73,2.75,2.76,2.77,2.76,2.75,2.73,2.71,2.68,2.65,2.62,2.58,2.55,2.51
"2012-01-02",-0.06,-0.01,0.15,0.38,0.63,0.89,1.15,1.39,1.62,1.83,2.01,2.17,2.3,2.41,2.5,2.58,2.63,2.67,2.7,2.72,2.72,2.72,2.71,2.69,2.67,2.64,2.61,2.58,2.54,2.5,2.47
"2012-01-09",-0.07,-0.02,0.16,0.38,0.64,0.9,1.15,1.4,1.63,1.83,2.01,2.17,2.31,2.43,2.52,2.6,2.66,2.7,2.73,2.75,2.76,2.76,2.75,2.74,2.72,2.7,2.67,2.64,2.61,2.57,2.54
"2012-01-16",0.07,0.07,0.15,0.32,0.54,0.79,1.04,1.28,1.51,1.72,1.9,2.06,2.2,2.32,2.42,2.49,2.55,2.6,2.62,2.64,2.65,2.64,2.63,2.62,2.59,2.57,2.54,2.5,2.47,2.43,2.39
"2012-01-23",0.08,0.1,0.21,0.41,0.65,0.91,1.17,1.42,1.66,1.88,2.07,2.24,2.38,2.5,2.6,2.68,2.74,2.79,2.82,2.84,2.84,2.84,2.83,2.82,2.79,2.77,2.74,2.71,2.67,2.63,2.6
"2012-01-30",0.09,0.1,0.19,0.37,0.59,0.84,1.09,1.34,1.57,1.79,1.98,2.15,2.3,2.42,2.53,2.61,2.68,2.73,2.77,2.79,2.8,2.8,2.8,2.79,2.77,2.74,2.72,2.69,2.65,2.62,2.58
"2012-02-06",0.09,0.1,0.2,0.38,0.61,0.87,1.13,1.38,1.61,1.83,2.02,2.19,2.34,2.46,2.56,2.64,2.7,2.75,2.78,2.8,2.81,2.81,2.8,2.78,2.76,2.74,2.71,2.68,2.64,2.6,2.57
"2012-02-13",0.15,0.16,0.28,0.47,0.71,0.97,1.23,1.48,1.72,1.93,2.12,2.29,2.44,2.56,2.66,2.74,2.8,2.85,2.88,2.9,2.91,2.91,2.9,2.89,2.87,2.84,2.81,2.78,2.75,2.71,2.67
"2012-02-20",0.14,0.16,0.27,0.46,0.7,0.95,1.21,1.46,1.69,1.9,2.09,2.26,2.4,2.52,2.61,2.69,2.75,2.79,2.82,2.84,2.84,2.84,2.83,2.81,2.79,2.76,2.73,2.7,2.66,2.62,2.59
"2012-02-27",0.13,0.13,0.22,0.4,0.63,0.88,1.13,1.38,1.62,1.83,2.02,2.19,2.33,2.45,2.55,2.62,2.68,2.73,2.76,2.77,2.78,2.78,2.77,2.75,2.73,2.7,2.67,2.63,2.6,2.56,2.52
"2012-03-05",0.1,0.1,0.19,0.36,0.58,0.82,1.07,1.32,1.55,1.76,1.95,2.12,2.26,2.38,2.48,2.56,2.63,2.67,2.71,2.73,2.74,2.74,2.73,2.71,2.69,2.67,2.64,2.6,2.57,2.53,2.5
"2012-03-12",0.12,0.1,0.17,0.34,0.55,0.8,1.05,1.3,1.54,1.76,1.95,2.12,2.27,2.39,2.5,2.58,2.64,2.69,2.72,2.74,2.75,2.75,2.74,2.73,2.71,2.68,2.65,2.62,2.58,2.55,2.51
"2012-03-19",0.11,0.16,0.32,0.54,0.79,1.06,1.32,1.57,1.8,2.01,2.2,2.37,2.51,2.63,2.73,2.81,2.87,2.92,2.95,2.97,2.98,2.98,2.97,2.96,2.94,2.92,2.89,2.86,2.83,2.79,2.75
"2012-03-26",0.1,0.12,0.23,0.43,0.66,0.91,1.17,1.42,1.65,1.86,2.05,2.22,2.36,2.48,2.57,2.65,2.71,2.75,2.78,2.8,2.81,2.8,2.79,2.78,2.76,2.73,2.7,2.67,2.63,2.59,2.56
"2012-04-02",0.11,0.12,0.23,0.41,0.64,0.88,1.14,1.38,1.61,1.82,2.01,2.18,2.32,2.44,2.54,2.62,2.68,2.73,2.76,2.78,2.79,2.79,2.78,2.76,2.74,2.72,2.69,2.65,2.62,2.58,2.55
"2012-04-05",0.13,0.11,0.16,0.32,0.54,0.79,1.05,1.3,1.54,1.77,1.96,2.14,2.28,2.41,2.51,2.59,2.65,2.7,2.73,2.75,2.76,2.76,2.75,2.73,2.71,2.68,2.65,2.61,2.58,2.54,2.5
"2012-04-16",0.1,0.08,0.13,0.28,0.48,0.71,0.95,1.19,1.42,1.64,1.83,2,2.15,2.28,2.38,2.47,2.54,2.59,2.63,2.65,2.67,2.67,2.67,2.66,2.64,2.62,2.59,2.56,2.53,2.5,2.46
"2012-04-23",0.09,0.07,0.12,0.26,0.45,0.68,0.91,1.15,1.38,1.59,1.78,1.95,2.1,2.23,2.34,2.43,2.5,2.56,2.6,2.63,2.65,2.65,2.65,2.65,2.63,2.61,2.59,2.56,2.53,2.5,2.46
"2012-04-30",0.06,0.04,0.09,0.23,0.43,0.66,0.91,1.15,1.39,1.61,1.8,1.98,2.13,2.27,2.38,2.47,2.54,2.6,2.64,2.67,2.69,2.7,2.69,2.69,2.67,2.65,2.63,2.6,2.57,2.53,2.5
"2012-05-07",0.08,0.05,0.08,0.2,0.38,0.6,0.83,1.06,1.28,1.49,1.68,1.86,2.01,2.14,2.25,2.35,2.42,2.48,2.53,2.56,2.58,2.59,2.6,2.59,2.58,2.56,2.54,2.52,2.49,2.46,2.42
"2012-05-14",0.09,0.05,0.06,0.17,0.33,0.53,0.75,0.97,1.18,1.37,1.55,1.71,1.86,1.98,2.08,2.17,2.23,2.29,2.33,2.35,2.37,2.37,2.37,2.36,2.35,2.33,2.3,2.28,2.25,2.21,2.18
"2012-05-21",0.06,0.03,0.07,0.18,0.36,0.56,0.77,0.99,1.2,1.39,1.57,1.73,1.87,1.99,2.09,2.18,2.25,2.3,2.34,2.36,2.38,2.39,2.39,2.38,2.36,2.35,2.32,2.3,2.27,2.23,2.2
"2012-05-28",0.04,0.01,0.02,0.13,0.29,0.49,0.7,0.91,1.11,1.3,1.48,1.63,1.77,1.89,1.98,2.06,2.13,2.18,2.21,2.24,2.25,2.26,2.25,2.24,2.23,2.21,2.18,2.15,2.12,2.09,2.06
"2012-06-04",0.04,-0.01,-0.02,0.07,0.21,0.38,0.57,0.76,0.94,1.11,1.27,1.41,1.53,1.63,1.72,1.79,1.85,1.89,1.92,1.94,1.95,1.95,1.95,1.94,1.92,1.9,1.88,1.85,1.82,1.79,1.76
"2012-06-11",0.04,0.02,0.06,0.17,0.34,0.54,0.74,0.95,1.15,1.33,1.5,1.65,1.78,1.9,1.99,2.07,2.13,2.18,2.21,2.23,2.25,2.25,2.25,2.24,2.22,2.2,2.17,2.15,2.12,2.08,2.05
"2012-06-18",0.01,-0.01,0.04,0.17,0.34,0.55,0.76,0.97,1.18,1.36,1.53,1.69,1.82,1.93,2.03,2.1,2.16,2.21,2.25,2.27,2.28,2.29,2.28,2.27,2.26,2.24,2.22,2.19,2.16,2.13,2.1
"2012-06-25",0.02,0.01,0.08,0.23,0.41,0.62,0.84,1.06,1.26,1.45,1.62,1.77,1.9,2.01,2.11,2.19,2.25,2.3,2.34,2.37,2.38,2.39,2.39,2.39,2.38,2.36,2.34,2.32,2.3,2.28,2.25
"2012-07-02",0.04,0.03,0.11,0.25,0.44,0.66,0.88,1.11,1.32,1.52,1.71,1.87,2.02,2.14,2.25,2.34,2.41,2.47,2.52,2.55,2.57,2.58,2.58,2.58,2.57,2.56,2.54,2.51,2.49,2.46,2.43
"2012-07-09",-0.03,-0.06,-0.04,0.06,0.22,0.41,0.61,0.82,1.02,1.21,1.39,1.56,1.71,1.84,1.96,2.06,2.14,2.21,2.26,2.3,2.34,2.36,2.37,2.37,2.37,2.37,2.35,2.34,2.32,2.29,2.27
"2012-07-16",-0.02,-0.07,-0.07,0.02,0.17,0.35,0.55,0.76,0.96,1.15,1.33,1.49,1.64,1.77,1.88,1.97,2.05,2.12,2.17,2.21,2.24,2.26,2.28,2.28,2.29,2.28,2.27,2.26,2.25,2.23,2.21
"2012-07-23",-0.04,-0.08,-0.09,-0.01,0.13,0.3,0.48,0.67,0.86,1.05,1.22,1.38,1.52,1.65,1.76,1.86,1.94,2.01,2.06,2.11,2.14,2.17,2.18,2.19,2.2,2.19,2.19,2.18,2.16,2.15,2.13
"2012-07-30",-0.07,-0.11,-0.09,0.04,0.22,0.43,0.65,0.87,1.09,1.29,1.47,1.63,1.78,1.9,2.01,2.09,2.17,2.23,2.28,2.31,2.34,2.36,2.38,2.38,2.39,2.39,2.38,2.37,2.36,2.35,2.34
"2012-08-06",-0.04,-0.08,-0.06,0.07,0.24,0.45,0.67,0.89,1.1,1.3,1.48,1.63,1.77,1.89,1.99,2.07,2.14,2.2,2.24,2.28,2.3,2.32,2.33,2.33,2.33,2.33,2.32,2.31,2.3,2.29,2.27
"2012-08-13",-0.05,-0.09,-0.07,0.06,0.24,0.45,0.68,0.91,1.12,1.33,1.51,1.67,1.82,1.94,2.05,2.14,2.21,2.27,2.32,2.36,2.39,2.4,2.42,2.42,2.42,2.42,2.42,2.41,2.39,2.38,2.37
"2012-08-20",-0.03,-0.07,-0.03,0.12,0.33,0.57,0.82,1.06,1.28,1.49,1.67,1.84,1.97,2.09,2.19,2.27,2.34,2.39,2.43,2.46,2.48,2.49,2.5,2.51,2.5,2.5,2.49,2.48,2.47,2.46,2.44
"2012-08-27",-0.02,-0.06,-0.04,0.07,0.24,0.44,0.65,0.87,1.07,1.27,1.44,1.6,1.74,1.86,1.96,2.05,2.12,2.17,2.22,2.25,2.28,2.29,2.3,2.3,2.3,2.29,2.28,2.27,2.26,2.24,2.22
"2012-09-03",0,-0.06,-0.06,0.04,0.21,0.41,0.63,0.85,1.06,1.26,1.43,1.59,1.73,1.85,1.95,2.03,2.1,2.15,2.19,2.22,2.24,2.25,2.26,2.26,2.25,2.25,2.23,2.22,2.2,2.19,2.17
"2012-09-10",-0.01,-0.03,0.02,0.15,0.34,0.55,0.78,1,1.22,1.42,1.61,1.78,1.92,2.05,2.16,2.25,2.33,2.39,2.44,2.48,2.5,2.52,2.53,2.53,2.53,2.53,2.51,2.5,2.48,2.46,2.44
"2012-09-17",0,-0.01,0.07,0.23,0.44,0.67,0.91,1.15,1.38,1.58,1.77,1.94,2.09,2.22,2.32,2.41,2.49,2.55,2.59,2.63,2.65,2.67,2.68,2.68,2.68,2.67,2.66,2.65,2.64,2.62,2.6
"2012-09-24",-0.02,-0.04,0.02,0.16,0.36,0.58,0.81,1.04,1.26,1.46,1.65,1.82,1.96,2.09,2.2,2.3,2.37,2.43,2.48,2.52,2.55,2.57,2.58,2.58,2.58,2.57,2.56,2.55,2.53,2.51,2.49
"2012-10-01",-0.01,-0.03,0.02,0.15,0.34,0.54,0.76,0.98,1.2,1.39,1.57,1.74,1.88,2,2.11,2.2,2.27,2.33,2.38,2.41,2.43,2.45,2.46,2.46,2.45,2.45,2.43,2.41,2.4,2.37,2.35
"2012-10-08",0.01,-0.02,0.02,0.15,0.33,0.54,0.76,0.98,1.2,1.4,1.58,1.75,1.89,2.02,2.13,2.22,2.29,2.35,2.4,2.44,2.46,2.48,2.49,2.5,2.49,2.49,2.48,2.46,2.45,2.43,2.41
"2012-10-15",0.01,-0.02,0.02,0.14,0.32,0.53,0.75,0.97,1.18,1.37,1.55,1.72,1.86,1.98,2.09,2.18,2.25,2.31,2.36,2.4,2.43,2.44,2.46,2.46,2.46,2.46,2.45,2.44,2.43,2.41,2.4
"2012-10-22",0.01,0.01,0.09,0.24,0.44,0.66,0.89,1.12,1.33,1.53,1.71,1.87,2.01,2.14,2.24,2.33,2.4,2.46,2.51,2.54,2.57,2.59,2.6,2.6,2.6,2.6,2.59,2.58,2.57,2.55,2.53
"2012-10-29",0.01,-0.02,0.02,0.14,0.33,0.54,0.76,0.99,1.2,1.4,1.59,1.75,1.9,2.03,2.13,2.23,2.3,2.36,2.41,2.45,2.48,2.5,2.51,2.52,2.52,2.52,2.51,2.5,2.49,2.47,2.45
"2012-11-05",0,-0.04,-0.02,0.1,0.27,0.48,0.7,0.92,1.14,1.34,1.52,1.68,1.82,1.95,2.05,2.14,2.21,2.27,2.32,2.35,2.38,2.4,2.41,2.41,2.41,2.4,2.39,2.38,2.37,2.35,2.34
"2012-11-12",0.01,-0.05,-0.05,0.05,0.21,0.41,0.62,0.84,1.05,1.25,1.44,1.6,1.75,1.88,1.99,2.08,2.16,2.22,2.27,2.31,2.34,2.35,2.36,2.37,2.37,2.36,2.35,2.33,2.32,2.3,2.28
"2012-11-19",0.01,-0.04,-0.05,0.05,0.21,0.41,0.63,0.85,1.06,1.26,1.45,1.62,1.78,1.91,2.02,2.12,2.2,2.27,2.32,2.36,2.39,2.41,2.42,2.43,2.43,2.42,2.41,2.4,2.38,2.36,2.34
"2012-11-26",0.01,-0.03,-0.02,0.09,0.27,0.47,0.7,0.92,1.14,1.34,1.53,1.7,1.85,1.98,2.1,2.19,2.27,2.34,2.39,2.43,2.46,2.48,2.49,2.5,2.5,2.5,2.49,2.48,2.47,2.45,2.43
"2012-12-03",0.01,-0.03,-0.02,0.09,0.25,0.45,0.66,0.88,1.09,1.29,1.48,1.64,1.79,1.92,2.04,2.13,2.21,2.28,2.33,2.38,2.41,2.43,2.44,2.45,2.45,2.44,2.43,2.42,2.4,2.39,2.37
"2012-12-10",-0.03,-0.09,-0.1,-0.01,0.14,0.33,0.54,0.76,0.98,1.18,1.38,1.55,1.71,1.85,1.97,2.07,2.16,2.23,2.29,2.33,2.36,2.39,2.4,2.41,2.41,2.4,2.39,2.37,2.35,2.33,2.31
"2012-12-17",0.02,-0.04,-0.05,0.05,0.21,0.42,0.64,0.86,1.08,1.28,1.47,1.64,1.79,1.92,2.03,2.13,2.21,2.27,2.32,2.36,2.39,2.41,2.42,2.43,2.43,2.42,2.41,2.4,2.39,2.37,2.35
"2012-12-21",0.01,-0.04,-0.04,0.07,0.24,0.44,0.66,0.88,1.1,1.3,1.49,1.65,1.8,1.93,2.04,2.13,2.21,2.27,2.31,2.35,2.38,2.39,2.4,2.41,2.4,2.39,2.38,2.37,2.35,2.33,2.31
"2012-12-28",0.02,-0.04,-0.04,0.05,0.2,0.39,0.59,0.8,1.01,1.2,1.38,1.55,1.69,1.82,1.93,2.02,2.09,2.16,2.2,2.24,2.27,2.29,2.3,2.3,2.3,2.29,2.28,2.26,2.25,2.23,2.2
"2013-01-07",0.01,-0.01,0.05,0.18,0.37,0.59,0.81,1.04,1.25,1.45,1.63,1.8,1.94,2.07,2.18,2.27,2.35,2.41,2.46,2.5,2.53,2.55,2.56,2.57,2.57,2.57,2.56,2.55,2.54,2.52,2.51
"2013-01-14",0.06,0.05,0.1,0.23,0.42,0.63,0.85,1.07,1.28,1.48,1.66,1.83,1.97,2.1,2.21,2.3,2.38,2.44,2.49,2.53,2.56,2.57,2.59,2.59,2.59,2.59,2.58,2.56,2.55,2.53,2.51
"2013-01-21",0.06,0.08,0.17,0.31,0.48,0.66,0.86,1.05,1.23,1.41,1.58,1.73,1.86,1.98,2.09,2.18,2.26,2.33,2.38,2.43,2.46,2.49,2.5,2.51,2.52,2.51,2.51,2.5,2.48,2.46,2.44
"2013-01-28",0.12,0.15,0.25,0.4,0.56,0.75,0.94,1.12,1.3,1.48,1.64,1.79,1.92,2.04,2.15,2.24,2.32,2.39,2.45,2.5,2.54,2.56,2.58,2.6,2.61,2.61,2.6,2.59,2.58,2.57,2.55
"2013-02-04",0.09,0.12,0.22,0.37,0.55,0.74,0.94,1.14,1.33,1.51,1.68,1.83,1.96,2.08,2.19,2.28,2.36,2.42,2.48,2.52,2.55,2.57,2.59,2.59,2.59,2.59,2.58,2.57,2.55,2.53,2.51
"2013-02-11",0.07,0.09,0.17,0.31,0.48,0.67,0.86,1.06,1.25,1.44,1.61,1.76,1.9,2.03,2.14,2.23,2.31,2.38,2.44,2.48,2.52,2.54,2.56,2.57,2.57,2.56,2.56,2.54,2.53,2.51,2.49
"2013-02-18",0.06,0.05,0.12,0.26,0.44,0.65,0.87,1.09,1.3,1.49,1.67,1.83,1.98,2.1,2.21,2.3,2.38,2.44,2.49,2.53,2.55,2.57,2.58,2.59,2.59,2.58,2.57,2.55,2.54,2.52,2.49
"2013-02-25",0.04,0.03,0.07,0.2,0.38,0.59,0.8,1.02,1.24,1.44,1.62,1.79,1.94,2.07,2.19,2.28,2.36,2.43,2.48,2.52,2.55,2.57,2.58,2.59,2.58,2.58,2.57,2.55,2.53,2.51,2.49
"2013-03-04",0.01,-0.03,-0.01,0.09,0.25,0.44,0.66,0.87,1.08,1.29,1.47,1.65,1.8,1.93,2.05,2.15,2.23,2.3,2.36,2.4,2.43,2.45,2.46,2.46,2.46,2.45,2.44,2.42,2.4,2.37,2.34
"2013-03-11",0.04,0.01,0.04,0.15,0.31,0.52,0.73,0.95,1.17,1.37,1.56,1.73,1.89,2.02,2.14,2.24,2.32,2.39,2.44,2.48,2.51,2.53,2.54,2.54,2.54,2.53,2.51,2.49,2.47,2.44,2.42
"2013-03-18",0.05,-0.01,-0.01,0.07,0.23,0.42,0.63,0.85,1.06,1.27,1.46,1.64,1.8,1.94,2.06,2.16,2.25,2.32,2.38,2.42,2.46,2.48,2.49,2.5,2.49,2.49,2.47,2.45,2.43,2.41,2.38
"2013-03-25",0.04,-0.01,-0.01,0.08,0.23,0.42,0.63,0.85,1.06,1.27,1.46,1.63,1.78,1.92,2.04,2.14,2.23,2.3,2.36,2.4,2.43,2.45,2.47,2.47,2.47,2.46,2.45,2.43,2.41,2.38,2.36
"2013-03-28",0.03,-0.03,-0.07,0,0.14,0.31,0.51,0.72,0.93,1.13,1.32,1.5,1.66,1.8,1.92,2.03,2.12,2.19,2.25,2.3,2.33,2.36,2.38,2.38,2.38,2.38,2.37,2.35,2.33,2.31,2.28
"2013-04-08",0.05,0,-0.02,0.05,0.18,0.34,0.52,0.72,0.91,1.09,1.27,1.43,1.57,1.7,1.82,1.91,2,2.07,2.12,2.17,2.2,2.22,2.24,2.25,2.25,2.24,2.23,2.22,2.2,2.18,2.15
"2013-04-15",0.04,0,-0.01,0.07,0.2,0.37,0.56,0.76,0.96,1.15,1.33,1.5,1.66,1.79,1.92,2.02,2.11,2.19,2.25,2.3,2.34,2.37,2.39,2.4,2.41,2.4,2.4,2.38,2.37,2.35,2.33
"2013-04-22",0.04,0,-0.01,0.06,0.2,0.36,0.55,0.75,0.95,1.14,1.32,1.49,1.64,1.78,1.9,2.01,2.1,2.18,2.24,2.29,2.33,2.36,2.38,2.39,2.4,2.4,2.39,2.38,2.36,2.34,2.32
"2013-04-29",0.03,-0.01,-0.02,0.05,0.18,0.34,0.53,0.72,0.91,1.1,1.27,1.43,1.58,1.72,1.83,1.93,2.02,2.09,2.15,2.2,2.24,2.26,2.28,2.29,2.3,2.29,2.29,2.27,2.26,2.24,2.21
"2013-05-06",0.03,-0.01,-0.01,0.07,0.2,0.37,0.56,0.75,0.95,1.14,1.31,1.48,1.63,1.76,1.88,1.99,2.08,2.15,2.21,2.26,2.3,2.33,2.35,2.36,2.36,2.36,2.35,2.34,2.33,2.31,2.28
"2013-05-13",0.03,-0.01,0.01,0.1,0.25,0.44,0.64,0.85,1.05,1.25,1.43,1.6,1.75,1.89,2.01,2.11,2.2,2.27,2.33,2.38,2.41,2.44,2.46,2.46,2.47,2.46,2.45,2.44,2.42,2.4,2.37
"2013-05-20",0.02,-0.03,-0.03,0.07,0.22,0.41,0.62,0.84,1.05,1.26,1.45,1.62,1.78,1.92,2.04,2.14,2.23,2.31,2.36,2.41,2.44,2.47,2.48,2.49,2.49,2.48,2.47,2.45,2.43,2.41,2.38
"2013-05-27",0.02,-0.02,0.01,0.12,0.28,0.47,0.68,0.89,1.11,1.31,1.49,1.66,1.82,1.95,2.07,2.17,2.26,2.33,2.39,2.43,2.46,2.49,2.5,2.51,2.51,2.5,2.49,2.47,2.45,2.43,2.4
"2013-06-03",0.03,0.02,0.07,0.19,0.36,0.56,0.77,0.98,1.19,1.39,1.57,1.74,1.89,2.03,2.15,2.25,2.33,2.4,2.46,2.51,2.54,2.57,2.58,2.59,2.59,2.59,2.58,2.56,2.54,2.52,2.5
"2013-06-10",0.05,0.06,0.13,0.26,0.42,0.61,0.81,1.01,1.21,1.39,1.56,1.72,1.86,1.99,2.1,2.2,2.28,2.35,2.41,2.45,2.49,2.51,2.53,2.54,2.54,2.53,2.53,2.51,2.5,2.48,2.45
"2013-06-17",0.05,0.05,0.11,0.23,0.4,0.59,0.79,1,1.2,1.39,1.57,1.74,1.88,2.02,2.13,2.23,2.32,2.39,2.44,2.49,2.53,2.55,2.57,2.58,2.58,2.58,2.57,2.55,2.54,2.52,2.49
"2013-06-24",0.08,0.12,0.26,0.44,0.65,0.87,1.08,1.29,1.49,1.68,1.85,2,2.13,2.25,2.35,2.44,2.51,2.57,2.61,2.65,2.67,2.69,2.7,2.7,2.69,2.68,2.67,2.65,2.63,2.61,2.58
"2013-07-01",0.06,0.09,0.2,0.37,0.57,0.79,1.01,1.23,1.44,1.63,1.81,1.96,2.1,2.23,2.33,2.42,2.49,2.55,2.6,2.64,2.66,2.68,2.69,2.69,2.69,2.68,2.67,2.65,2.63,2.61,2.59
"2013-07-08",0.02,0.02,0.09,0.24,0.44,0.67,0.9,1.14,1.36,1.58,1.77,1.94,2.1,2.23,2.35,2.44,2.52,2.59,2.64,2.67,2.7,2.71,2.72,2.72,2.71,2.7,2.68,2.66,2.63,2.61,2.58
"2013-07-15",0.04,0.04,0.1,0.23,0.4,0.61,0.82,1.04,1.24,1.44,1.62,1.79,1.94,2.07,2.18,2.28,2.36,2.42,2.47,2.52,2.54,2.56,2.57,2.58,2.57,2.57,2.55,2.53,2.51,2.49,2.46
"2013-07-22",0.06,0.04,0.07,0.19,0.36,0.56,0.77,0.99,1.2,1.4,1.59,1.76,1.91,2.04,2.16,2.26,2.34,2.41,2.47,2.51,2.54,2.56,2.58,2.58,2.58,2.57,2.56,2.54,2.52,2.5,2.47
"2013-07-29",0.06,0.06,0.14,0.29,0.48,0.69,0.92,1.14,1.36,1.56,1.75,1.92,2.07,2.2,2.31,2.41,2.49,2.56,2.61,2.65,2.68,2.7,2.71,2.71,2.71,2.7,2.68,2.67,2.64,2.62,2.59
"2013-08-05",0.05,0.06,0.14,0.29,0.48,0.69,0.91,1.13,1.34,1.54,1.72,1.89,2.03,2.16,2.27,2.37,2.44,2.51,2.56,2.6,2.62,2.64,2.65,2.65,2.65,2.64,2.62,2.6,2.58,2.56,2.53
"2013-08-12",0.06,0.07,0.16,0.32,0.52,0.74,0.97,1.2,1.41,1.61,1.8,1.96,2.11,2.24,2.35,2.44,2.52,2.58,2.63,2.66,2.69,2.7,2.71,2.71,2.7,2.69,2.67,2.65,2.62,2.6,2.57
"2013-08-19",0.08,0.11,0.23,0.42,0.64,0.88,1.12,1.36,1.59,1.8,1.98,2.15,2.3,2.43,2.54,2.63,2.71,2.77,2.81,2.85,2.87,2.88,2.88,2.88,2.87,2.86,2.84,2.82,2.79,2.76,2.73
"2013-08-26",0.06,0.1,0.25,0.45,0.68,0.93,1.17,1.41,1.63,1.84,2.02,2.19,2.33,2.45,2.56,2.65,2.72,2.77,2.81,2.85,2.87,2.88,2.88,2.88,2.88,2.86,2.85,2.83,2.81,2.78,2.76
"2013-09-02",0.06,0.1,0.25,0.45,0.68,0.93,1.18,1.42,1.64,1.84,2.03,2.19,2.34,2.46,2.56,2.65,2.72,2.78,2.82,2.85,2.88,2.89,2.89,2.89,2.89,2.87,2.86,2.84,2.81,2.79,2.76
"2013-09-09",0.07,0.1,0.23,0.43,0.66,0.91,1.16,1.41,1.64,1.86,2.05,2.22,2.37,2.51,2.62,2.71,2.78,2.84,2.89,2.92,2.94,2.95,2.95,2.95,2.94,2.92,2.9,2.88,2.85,2.82,2.79
"2013-09-16",0.08,0.09,0.19,0.37,0.59,0.84,1.09,1.34,1.58,1.79,1.99,2.17,2.33,2.46,2.58,2.67,2.75,2.81,2.86,2.89,2.91,2.92,2.93,2.92,2.91,2.89,2.87,2.85,2.82,2.79,2.76
"2013-09-23",0.08,0.08,0.18,0.35,0.57,0.82,1.08,1.33,1.58,1.8,2.01,2.2,2.36,2.5,2.62,2.72,2.8,2.87,2.92,2.96,2.98,3,3,3,2.99,2.98,2.96,2.93,2.91,2.88,2.85
"2013-09-30",0.09,0.07,0.13,0.27,0.46,0.69,0.93,1.17,1.4,1.62,1.82,2,2.16,2.3,2.42,2.52,2.6,2.67,2.72,2.76,2.79,2.81,2.82,2.82,2.81,2.8,2.78,2.76,2.73,2.7,2.67
"2013-10-07",0.07,0.07,0.16,0.32,0.53,0.76,1,1.24,1.48,1.7,1.9,2.08,2.24,2.38,2.5,2.6,2.69,2.76,2.81,2.86,2.89,2.91,2.92,2.92,2.92,2.91,2.89,2.87,2.85,2.82,2.79
"2013-10-14",0.07,0.08,0.18,0.34,0.56,0.8,1.04,1.29,1.52,1.74,1.95,2.13,2.29,2.43,2.55,2.66,2.74,2.81,2.87,2.91,2.94,2.96,2.97,2.97,2.97,2.96,2.94,2.92,2.9,2.87,2.84
"2013-10-21",0.06,0.07,0.17,0.34,0.55,0.78,1.03,1.27,1.51,1.72,1.93,2.11,2.27,2.41,2.53,2.64,2.72,2.79,2.85,2.89,2.93,2.95,2.96,2.96,2.96,2.95,2.94,2.92,2.9,2.87,2.84
"2013-10-28",0.09,0.1,0.18,0.33,0.53,0.75,0.98,1.21,1.44,1.65,1.84,2.02,2.18,2.31,2.43,2.54,2.62,2.69,2.75,2.79,2.82,2.84,2.86,2.86,2.86,2.85,2.84,2.82,2.8,2.78,2.75
"2013-11-04",0.08,0.06,0.1,0.23,0.42,0.64,0.88,1.12,1.35,1.57,1.78,1.96,2.13,2.27,2.4,2.5,2.59,2.67,2.72,2.77,2.8,2.82,2.83,2.84,2.84,2.83,2.81,2.79,2.77,2.74,2.72
"2013-11-11",0.07,0.05,0.1,0.24,0.44,0.68,0.92,1.17,1.41,1.64,1.85,2.04,2.21,2.35,2.48,2.59,2.67,2.75,2.8,2.84,2.88,2.89,2.91,2.91,2.9,2.89,2.88,2.85,2.83,2.8,2.77
"2013-11-18",0.08,0.05,0.1,0.24,0.43,0.66,0.9,1.15,1.39,1.61,1.82,2.01,2.17,2.32,2.45,2.56,2.64,2.72,2.78,2.82,2.85,2.87,2.89,2.89,2.89,2.88,2.86,2.84,2.82,2.8,2.77
"2013-11-25",0.09,0.06,0.11,0.25,0.45,0.68,0.93,1.17,1.41,1.64,1.84,2.03,2.2,2.34,2.47,2.57,2.66,2.73,2.78,2.82,2.85,2.87,2.88,2.88,2.88,2.87,2.85,2.83,2.8,2.78,2.75
"2013-12-02",0.09,0.06,0.11,0.26,0.46,0.69,0.94,1.19,1.43,1.65,1.86,2.04,2.21,2.35,2.47,2.58,2.66,2.73,2.78,2.82,2.85,2.87,2.87,2.87,2.87,2.85,2.83,2.81,2.79,2.76,2.73
"2013-12-09",0.11,0.11,0.2,0.37,0.58,0.82,1.07,1.32,1.56,1.78,1.98,2.16,2.32,2.46,2.58,2.68,2.76,2.83,2.88,2.91,2.94,2.95,2.96,2.96,2.95,2.93,2.91,2.89,2.87,2.84,2.81
"2013-12-16",0.17,0.16,0.24,0.39,0.6,0.83,1.08,1.32,1.55,1.77,1.97,2.15,2.3,2.44,2.55,2.65,2.73,2.79,2.84,2.88,2.9,2.91,2.92,2.92,2.91,2.89,2.88,2.85,2.83,2.8,2.77
"2013-12-23",0.11,0.13,0.23,0.42,0.65,0.89,1.15,1.39,1.62,1.84,2.03,2.2,2.35,2.48,2.59,2.68,2.76,2.82,2.86,2.89,2.92,2.93,2.94,2.93,2.93,2.91,2.9,2.88,2.85,2.83,2.8
"2013-12-30",0.11,0.13,0.24,0.44,0.69,0.95,1.21,1.47,1.7,1.92,2.11,2.28,2.43,2.55,2.66,2.75,2.82,2.87,2.92,2.95,2.97,2.99,2.99,2.99,2.98,2.97,2.96,2.94,2.92,2.89,2.86
"2014-01-06",0.1,0.11,0.22,0.41,0.64,0.9,1.16,1.42,1.65,1.87,2.07,2.24,2.39,2.52,2.63,2.72,2.79,2.85,2.9,2.93,2.95,2.97,2.97,2.97,2.96,2.95,2.93,2.91,2.89,2.87,2.84
"2014-01-13",0.1,0.1,0.19,0.37,0.59,0.84,1.1,1.35,1.58,1.8,2,2.18,2.33,2.47,2.58,2.67,2.75,2.82,2.87,2.9,2.93,2.94,2.95,2.95,2.94,2.93,2.92,2.9,2.87,2.85,2.82
"2014-01-20",0.12,0.11,0.17,0.32,0.53,0.77,1.01,1.26,1.49,1.71,1.91,2.08,2.24,2.37,2.49,2.58,2.66,2.72,2.77,2.8,2.83,2.84,2.85,2.85,2.84,2.83,2.82,2.8,2.78,2.75,2.73
"2014-01-27",0.12,0.1,0.14,0.28,0.47,0.7,0.94,1.18,1.41,1.62,1.82,2,2.15,2.29,2.41,2.5,2.58,2.65,2.7,2.73,2.76,2.77,2.78,2.78,2.77,2.76,2.74,2.72,2.7,2.67,2.64
"2014-02-03",0.1,0.06,0.08,0.2,0.39,0.61,0.85,1.09,1.32,1.53,1.73,1.91,2.07,2.2,2.32,2.42,2.5,2.56,2.61,2.65,2.67,2.69,2.7,2.7,2.69,2.68,2.66,2.64,2.62,2.6,2.57
"2014-02-10",0.1,0.07,0.11,0.23,0.41,0.63,0.86,1.09,1.32,1.54,1.73,1.91,2.07,2.21,2.33,2.43,2.51,2.58,2.63,2.67,2.69,2.71,2.72,2.72,2.71,2.7,2.69,2.66,2.64,2.61,2.58
"2014-02-17",0.1,0.07,0.1,0.22,0.41,0.63,0.86,1.1,1.34,1.56,1.76,1.94,2.1,2.24,2.36,2.47,2.55,2.62,2.67,2.71,2.74,2.76,2.77,2.77,2.76,2.75,2.74,2.72,2.69,2.67,2.64
"2014-02-24",0.12,0.08,0.11,0.23,0.42,0.63,0.86,1.1,1.33,1.54,1.74,1.92,2.09,2.23,2.35,2.45,2.54,2.61,2.66,2.7,2.73,2.76,2.77,2.77,2.77,2.76,2.74,2.72,2.7,2.67,2.65
"2014-03-03",0.11,0.08,0.1,0.21,0.38,0.58,0.81,1.03,1.25,1.45,1.64,1.81,1.97,2.1,2.22,2.32,2.4,2.47,2.52,2.56,2.59,2.62,2.63,2.64,2.64,2.64,2.63,2.61,2.6,2.58,2.56
"2014-03-10",0.17,0.14,0.17,0.28,0.45,0.66,0.88,1.1,1.32,1.52,1.71,1.89,2.04,2.18,2.29,2.39,2.48,2.55,2.6,2.65,2.68,2.7,2.72,2.72,2.72,2.72,2.71,2.7,2.68,2.66,2.64
"2014-03-17",0.17,0.12,0.13,0.23,0.38,0.58,0.8,1.02,1.23,1.44,1.63,1.81,1.97,2.11,2.23,2.34,2.42,2.5,2.55,2.6,2.64,2.66,2.68,2.68,2.69,2.68,2.67,2.66,2.64,2.62,2.6
"2014-03-24",0.19,0.16,0.19,0.31,0.48,0.68,0.9,1.12,1.33,1.54,1.72,1.89,2.04,2.18,2.29,2.39,2.47,2.54,2.59,2.64,2.67,2.69,2.7,2.71,2.71,2.71,2.7,2.69,2.67,2.66,2.64
"2014-03-31",0.17,0.13,0.14,0.25,0.41,0.61,0.82,1.04,1.26,1.46,1.65,1.82,1.97,2.11,2.23,2.33,2.41,2.48,2.53,2.58,2.61,2.63,2.65,2.65,2.65,2.65,2.64,2.63,2.61,2.59,2.57
"2014-04-07",0.18,0.14,0.15,0.26,0.42,0.61,0.83,1.05,1.26,1.47,1.66,1.83,1.99,2.13,2.25,2.35,2.44,2.51,2.57,2.61,2.65,2.67,2.69,2.7,2.7,2.7,2.69,2.68,2.66,2.64,2.62
"2014-04-14",0.17,0.13,0.13,0.23,0.39,0.58,0.78,1,1.21,1.41,1.59,1.76,1.91,2.05,2.16,2.27,2.35,2.42,2.48,2.52,2.56,2.58,2.59,2.6,2.6,2.6,2.59,2.58,2.56,2.54,2.52
"2014-04-17",0.16,0.12,0.13,0.23,0.39,0.58,0.78,0.99,1.2,1.4,1.58,1.75,1.9,2.03,2.15,2.25,2.33,2.4,2.45,2.5,2.53,2.55,2.57,2.58,2.58,2.57,2.57,2.55,2.54,2.52,2.5
"2014-04-28",0.18,0.15,0.16,0.26,0.42,0.6,0.8,1.01,1.21,1.4,1.57,1.74,1.88,2.01,2.12,2.22,2.3,2.36,2.42,2.46,2.49,2.51,2.53,2.54,2.54,2.53,2.52,2.51,2.5,2.48,2.46
"2014-05-05",0.16,0.11,0.11,0.2,0.35,0.54,0.74,0.95,1.16,1.36,1.54,1.7,1.85,1.99,2.1,2.2,2.28,2.35,2.4,2.45,2.48,2.5,2.52,2.52,2.53,2.52,2.51,2.5,2.49,2.47,2.45
"2014-05-12",0.16,0.12,0.12,0.22,0.37,0.56,0.76,0.97,1.18,1.38,1.57,1.74,1.89,2.03,2.14,2.25,2.33,2.4,2.46,2.51,2.54,2.56,2.58,2.59,2.59,2.59,2.58,2.57,2.55,2.53,2.51
"2014-05-19",0.11,0.07,0.06,0.14,0.27,0.45,0.64,0.84,1.04,1.24,1.42,1.58,1.73,1.87,1.98,2.09,2.17,2.24,2.3,2.35,2.39,2.41,2.43,2.44,2.44,2.44,2.43,2.41,2.4,2.38,2.36
"2014-05-26",0.1,0.05,0.04,0.13,0.27,0.46,0.66,0.87,1.08,1.28,1.47,1.64,1.79,1.93,2.05,2.15,2.24,2.31,2.37,2.41,2.44,2.47,2.48,2.49,2.49,2.49,2.48,2.47,2.45,2.43,2.41
"2014-06-02",0.09,0.04,0.03,0.11,0.24,0.42,0.61,0.81,1.02,1.21,1.4,1.57,1.72,1.86,1.98,2.09,2.18,2.25,2.31,2.36,2.4,2.43,2.45,2.46,2.46,2.46,2.45,2.43,2.42,2.4,2.37
"2014-06-09",0.08,0.03,0.02,0.1,0.24,0.42,0.61,0.82,1.02,1.22,1.41,1.58,1.74,1.88,2.01,2.12,2.21,2.29,2.36,2.41,2.45,2.48,2.5,2.52,2.52,2.52,2.52,2.5,2.49,2.47,2.45
"2014-06-16",0.04,0,0,0.09,0.23,0.42,0.62,0.82,1.03,1.23,1.42,1.59,1.75,1.89,2.02,2.12,2.22,2.3,2.36,2.41,2.45,2.48,2.5,2.51,2.52,2.52,2.51,2.5,2.48,2.46,2.44
"2014-06-23",0.04,0,0.01,0.09,0.23,0.41,0.6,0.81,1.01,1.21,1.4,1.57,1.73,1.87,1.99,2.1,2.19,2.27,2.34,2.39,2.43,2.46,2.49,2.5,2.51,2.51,2.5,2.49,2.47,2.46,2.43
"2014-06-30",0.04,0,0.01,0.09,0.22,0.38,0.57,0.76,0.95,1.14,1.31,1.48,1.63,1.76,1.88,1.99,2.08,2.15,2.22,2.27,2.31,2.34,2.36,2.37,2.38,2.38,2.38,2.37,2.35,2.34,2.31
"2014-07-07",0.03,-0.01,-0.01,0.07,0.2,0.37,0.56,0.76,0.95,1.15,1.33,1.5,1.65,1.79,1.92,2.03,2.12,2.2,2.26,2.32,2.36,2.39,2.42,2.43,2.44,2.44,2.43,2.42,2.41,2.39,2.37
"2014-07-14",0.05,0,-0.01,0.06,0.18,0.34,0.53,0.72,0.91,1.09,1.27,1.44,1.59,1.72,1.84,1.95,2.04,2.12,2.18,2.23,2.28,2.31,2.33,2.34,2.35,2.35,2.35,2.34,2.32,2.3,2.28
"2014-07-21",0.05,0,-0.01,0.06,0.18,0.33,0.5,0.69,0.87,1.05,1.21,1.37,1.52,1.65,1.76,1.86,1.95,2.03,2.09,2.14,2.18,2.21,2.23,2.25,2.25,2.26,2.25,2.24,2.23,2.21,2.19
"2014-07-28",0.04,0,0,0.07,0.2,0.35,0.52,0.7,0.88,1.06,1.22,1.38,1.52,1.65,1.77,1.87,1.95,2.03,2.09,2.14,2.18,2.21,2.23,2.25,2.25,2.26,2.25,2.24,2.23,2.21,2.19
"2014-08-04",0.04,0,-0.01,0.06,0.18,0.33,0.5,0.68,0.85,1.03,1.19,1.35,1.49,1.62,1.74,1.84,1.92,2,2.06,2.11,2.15,2.19,2.21,2.22,2.23,2.23,2.23,2.22,2.21,2.2,2.18
"2014-08-11",0.03,-0.01,-0.02,0.04,0.15,0.29,0.45,0.62,0.79,0.96,1.11,1.26,1.4,1.52,1.63,1.73,1.81,1.89,1.94,1.99,2.03,2.06,2.08,2.1,2.11,2.11,2.1,2.09,2.08,2.07,2.05
"2014-08-18",0.03,-0.01,-0.03,0.03,0.13,0.26,0.41,0.58,0.74,0.9,1.06,1.2,1.34,1.46,1.57,1.66,1.75,1.82,1.88,1.93,1.97,2,2.02,2.04,2.05,2.05,2.05,2.04,2.03,2.02,2
"2014-08-25",0,-0.05,-0.07,-0.02,0.08,0.21,0.36,0.52,0.68,0.84,0.99,1.13,1.26,1.38,1.49,1.59,1.67,1.74,1.8,1.85,1.89,1.92,1.95,1.96,1.97,1.98,1.98,1.97,1.96,1.95,1.93
"2014-09-01",0,-0.04,-0.06,-0.01,0.08,0.2,0.34,0.49,0.64,0.79,0.94,1.07,1.2,1.32,1.42,1.51,1.6,1.67,1.73,1.78,1.82,1.85,1.88,1.89,1.91,1.91,1.91,1.91,1.9,1.89,1.88
"2014-09-08",-0.04,-0.08,-0.1,-0.05,0.05,0.18,0.33,0.49,0.66,0.82,0.98,1.12,1.26,1.39,1.5,1.6,1.69,1.77,1.83,1.89,1.94,1.97,2,2.02,2.04,2.04,2.05,2.04,2.04,2.03,2.01
"2014-09-15",-0.04,-0.08,-0.08,-0.02,0.1,0.24,0.41,0.58,0.76,0.93,1.1,1.25,1.39,1.52,1.64,1.74,1.83,1.9,1.97,2.02,2.06,2.09,2.12,2.14,2.14,2.15,2.15,2.14,2.13,2.11,2.1
"2014-09-22",-0.04,-0.08,-0.08,-0.02,0.09,0.23,0.39,0.56,0.73,0.89,1.06,1.21,1.35,1.47,1.59,1.69,1.78,1.86,1.93,1.98,2.03,2.06,2.09,2.11,2.12,2.13,2.13,2.13,2.12,2.11,2.09
"2014-09-29",-0.04,-0.08,-0.1,-0.04,0.06,0.19,0.35,0.51,0.68,0.84,1,1.15,1.29,1.41,1.52,1.62,1.71,1.79,1.85,1.9,1.95,1.98,2.01,2.03,2.04,2.04,2.04,2.04,2.03,2.02,2
"2014-10-06",-0.03,-0.07,-0.09,-0.05,0.05,0.17,0.32,0.47,0.63,0.79,0.94,1.08,1.21,1.33,1.44,1.54,1.62,1.7,1.76,1.81,1.86,1.89,1.92,1.94,1.95,1.96,1.96,1.96,1.95,1.94,1.93
"2014-10-13",-0.02,-0.06,-0.08,-0.03,0.06,0.18,0.32,0.46,0.62,0.77,0.91,1.05,1.18,1.3,1.41,1.51,1.6,1.67,1.74,1.79,1.84,1.87,1.9,1.93,1.94,1.95,1.96,1.96,1.95,1.95,1.93
"2014-10-20",-0.09,-0.06,-0.06,-0.04,0.03,0.14,0.28,0.44,0.59,0.74,0.88,1.01,1.12,1.22,1.31,1.39,1.46,1.53,1.58,1.64,1.68,1.73,1.76,1.8,1.83,1.86,1.89,1.92,1.94,1.96,1.98
"2014-10-27",-0.07,-0.04,-0.04,-0.03,0.05,0.17,0.32,0.48,0.64,0.79,0.93,1.06,1.18,1.28,1.37,1.45,1.52,1.58,1.64,1.69,1.73,1.78,1.81,1.85,1.88,1.91,1.94,1.96,1.98,2.01,2.03
"2014-11-03",-0.07,-0.04,-0.06,-0.05,0.01,0.13,0.28,0.44,0.6,0.75,0.89,1.02,1.13,1.23,1.32,1.4,1.47,1.53,1.58,1.63,1.68,1.72,1.76,1.79,1.82,1.85,1.88,1.9,1.93,1.95,1.97
"2014-11-10",-0.06,-0.03,-0.06,-0.06,0,0.11,0.25,0.41,0.57,0.72,0.86,0.99,1.11,1.21,1.3,1.38,1.45,1.52,1.58,1.63,1.67,1.72,1.76,1.79,1.82,1.85,1.88,1.91,1.93,1.95,1.97
"2014-11-17",-0.04,-0.02,-0.05,-0.05,0,0.11,0.24,0.39,0.54,0.69,0.83,0.95,1.06,1.16,1.25,1.33,1.4,1.47,1.52,1.57,1.62,1.66,1.7,1.74,1.77,1.8,1.82,1.85,1.87,1.9,1.92
"2014-11-24",-0.05,-0.02,-0.04,-0.04,0.02,0.12,0.25,0.4,0.55,0.7,0.84,0.96,1.07,1.17,1.26,1.35,1.42,1.48,1.54,1.59,1.64,1.68,1.72,1.76,1.79,1.82,1.85,1.87,1.9,1.92,1.94
"2014-12-01",-0.05,-0.02,-0.03,-0.03,0.02,0.1,0.22,0.35,0.49,0.62,0.74,0.86,0.97,1.06,1.15,1.23,1.29,1.36,1.41,1.46,1.51,1.55,1.59,1.62,1.65,1.68,1.71,1.73,1.76,1.78,1.8
"2014-12-08",-0.04,-0.02,-0.04,-0.03,0.02,0.12,0.25,0.38,0.53,0.66,0.79,0.91,1.02,1.11,1.2,1.27,1.34,1.4,1.46,1.5,1.55,1.59,1.63,1.66,1.69,1.72,1.75,1.77,1.79,1.81,1.83
"2014-12-15",-0.07,-0.04,-0.05,-0.04,0,0.09,0.2,0.32,0.45,0.57,0.69,0.79,0.89,0.98,1.06,1.13,1.19,1.25,1.3,1.34,1.39,1.42,1.46,1.49,1.52,1.54,1.57,1.59,1.61,1.63,1.65
"2014-12-22",-0.14,-0.1,-0.09,-0.08,-0.04,0.04,0.15,0.27,0.4,0.52,0.64,0.75,0.85,0.94,1.02,1.1,1.16,1.22,1.28,1.33,1.37,1.41,1.45,1.48,1.51,1.54,1.57,1.59,1.61,1.63,1.65
"2014-12-29",-0.12,-0.09,-0.09,-0.09,-0.05,0.03,0.14,0.25,0.38,0.5,0.62,0.73,0.82,0.91,0.99,1.06,1.13,1.19,1.24,1.29,1.33,1.37,1.4,1.44,1.47,1.49,1.52,1.54,1.56,1.58,1.6
"2015-01-05",-0.11,-0.09,-0.1,-0.1,-0.07,0,0.1,0.2,0.32,0.43,0.54,0.64,0.74,0.82,0.9,0.97,1.04,1.09,1.15,1.19,1.24,1.28,1.31,1.34,1.37,1.4,1.43,1.45,1.47,1.49,1.51
"2015-01-12",-0.14,-0.11,-0.1,-0.09,-0.06,0.01,0.1,0.21,0.31,0.42,0.52,0.61,0.7,0.77,0.84,0.9,0.96,1.01,1.06,1.1,1.13,1.17,1.2,1.22,1.25,1.27,1.3,1.32,1.33,1.35,1.37
"2015-01-19",-0.2,-0.16,-0.15,-0.15,-0.12,-0.06,0.02,0.12,0.22,0.33,0.42,0.52,0.6,0.68,0.75,0.81,0.87,0.92,0.96,1,1.04,1.08,1.11,1.13,1.16,1.19,1.21,1.23,1.25,1.26,1.28
"2015-01-26",-0.17,-0.15,-0.15,-0.14,-0.11,-0.06,0.01,0.09,0.18,0.27,0.36,0.44,0.52,0.59,0.65,0.71,0.76,0.81,0.86,0.9,0.93,0.97,1,1.03,1.05,1.08,1.1,1.12,1.14,1.15,1.17
"2015-02-02",-0.16,-0.16,-0.17,-0.17,-0.15,-0.1,-0.03,0.05,0.13,0.22,0.3,0.37,0.44,0.5,0.56,0.61,0.65,0.7,0.73,0.77,0.8,0.83,0.85,0.88,0.9,0.92,0.94,0.95,0.97,0.98,1
"2015-02-09",-0.18,-0.18,-0.19,-0.19,-0.16,-0.1,-0.02,0.08,0.17,0.25,0.33,0.41,0.48,0.54,0.59,0.64,0.68,0.72,0.76,0.79,0.82,0.84,0.87,0.89,0.91,0.93,0.95,0.96,0.98,0.99,1
"2015-02-16",-0.19,-0.19,-0.21,-0.21,-0.17,-0.1,-0.01,0.09,0.18,0.27,0.36,0.43,0.5,0.56,0.62,0.67,0.71,0.75,0.78,0.82,0.85,0.87,0.9,0.92,0.94,0.96,0.98,0.99,1.01,1.02,1.03
"2015-02-23",-0.18,-0.19,-0.2,-0.2,-0.17,-0.1,0,0.1,0.21,0.31,0.41,0.49,0.58,0.65,0.72,0.78,0.83,0.88,0.92,0.96,1,1.03,1.06,1.09,1.11,1.14,1.16,1.18,1.2,1.21,1.23
"2015-03-02",-0.18,-0.21,-0.23,-0.22,-0.17,-0.11,-0.03,0.06,0.15,0.24,0.33,0.42,0.5,0.58,0.65,0.72,0.78,0.83,0.88,0.92,0.96,0.99,1.01,1.04,1.05,1.07,1.08,1.08,1.09,1.09,1.09
"2015-03-09",-0.19,-0.21,-0.22,-0.2,-0.15,-0.08,-0.01,0.08,0.16,0.25,0.33,0.41,0.49,0.56,0.63,0.69,0.74,0.79,0.83,0.87,0.9,0.92,0.94,0.96,0.98,0.99,0.99,1,1,1,1
"2015-03-16",-0.25,-0.22,-0.22,-0.21,-0.16,-0.09,-0.02,0.06,0.14,0.21,0.28,0.33,0.39,0.43,0.48,0.52,0.55,0.58,0.61,0.63,0.65,0.68,0.69,0.71,0.73,0.74,0.75,0.77,0.78,0.79,0.8
"2015-03-23",-0.24,-0.23,-0.23,-0.22,-0.19,-0.14,-0.08,-0.01,0.06,0.13,0.19,0.25,0.3,0.35,0.39,0.43,0.46,0.49,0.52,0.55,0.57,0.59,0.61,0.63,0.64,0.66,0.67,0.68,0.7,0.71,0.72
"2015-03-30",-0.25,-0.24,-0.24,-0.23,-0.19,-0.13,-0.07,0,0.07,0.14,0.2,0.26,0.31,0.35,0.39,0.43,0.47,0.5,0.52,0.55,0.57,0.59,0.61,0.62,0.64,0.65,0.67,0.68,0.69,0.7,0.71
"2015-04-02",-0.26,-0.25,-0.24,-0.22,-0.18,-0.13,-0.06,0,0.07,0.13,0.19,0.25,0.3,0.35,0.39,0.42,0.46,0.49,0.51,0.54,0.56,0.58,0.6,0.62,0.63,0.65,0.66,0.67,0.68,0.69,0.7
"2015-04-13",-0.26,-0.27,-0.27,-0.25,-0.21,-0.15,-0.08,-0.02,0.05,0.12,0.18,0.23,0.29,0.33,0.38,0.42,0.45,0.48,0.51,0.54,0.56,0.59,0.61,0.62,0.64,0.66,0.67,0.69,0.7,0.71,0.72
"2015-04-20",-0.25,-0.26,-0.27,-0.25,-0.22,-0.18,-0.13,-0.08,-0.03,0.02,0.07,0.12,0.16,0.2,0.24,0.28,0.31,0.34,0.37,0.39,0.41,0.43,0.45,0.46,0.48,0.49,0.5,0.51,0.52,0.53,0.54
"2015-04-27",-0.27,-0.27,-0.26,-0.23,-0.19,-0.14,-0.08,-0.02,0.04,0.09,0.15,0.2,0.26,0.3,0.35,0.39,0.43,0.46,0.49,0.52,0.54,0.56,0.58,0.59,0.61,0.62,0.63,0.63,0.64,0.64,0.64
"2015-05-04",-0.25,-0.24,-0.2,-0.14,-0.07,0.01,0.1,0.18,0.26,0.33,0.4,0.46,0.52,0.58,0.63,0.67,0.71,0.75,0.79,0.82,0.85,0.88,0.9,0.92,0.95,0.96,0.98,1,1.02,1.03,1.04
"2015-05-11",-0.24,-0.24,-0.2,-0.13,-0.03,0.08,0.19,0.3,0.41,0.51,0.6,0.69,0.77,0.84,0.9,0.96,1.01,1.05,1.09,1.12,1.14,1.17,1.19,1.2,1.22,1.23,1.24,1.24,1.25,1.25,1.26
"2015-05-18",-0.24,-0.24,-0.21,-0.13,-0.03,0.09,0.21,0.33,0.45,0.57,0.67,0.77,0.86,0.94,1.01,1.07,1.12,1.17,1.21,1.24,1.27,1.29,1.31,1.33,1.34,1.35,1.36,1.36,1.37,1.37,1.37
"2015-05-22",-0.24,-0.25,-0.23,-0.16,-0.06,0.06,0.19,0.31,0.43,0.55,0.65,0.75,0.84,0.91,0.98,1.04,1.09,1.13,1.17,1.2,1.23,1.25,1.27,1.28,1.29,1.3,1.31,1.31,1.32,1.32,1.32
"2015-06-01",-0.23,-0.24,-0.23,-0.18,-0.1,0,0.11,0.22,0.32,0.43,0.53,0.62,0.71,0.79,0.85,0.91,0.97,1.01,1.05,1.08,1.11,1.13,1.15,1.16,1.17,1.17,1.18,1.18,1.17,1.17,1.16
"2015-06-08",-0.23,-0.23,-0.19,-0.09,0.05,0.2,0.35,0.51,0.65,0.79,0.92,1.03,1.14,1.23,1.31,1.37,1.43,1.48,1.52,1.55,1.58,1.6,1.61,1.62,1.63,1.63,1.63,1.63,1.63,1.63,1.62
"2015-06-15",-0.23,-0.23,-0.19,-0.1,0.03,0.18,0.33,0.48,0.63,0.76,0.89,1,1.11,1.2,1.27,1.34,1.4,1.45,1.49,1.52,1.55,1.57,1.58,1.59,1.6,1.6,1.61,1.61,1.6,1.6,1.59
"2015-06-22",-0.24,-0.25,-0.22,-0.12,0.01,0.15,0.31,0.47,0.62,0.76,0.89,1.01,1.12,1.22,1.3,1.37,1.43,1.48,1.52,1.56,1.59,1.61,1.62,1.64,1.64,1.65,1.65,1.64,1.64,1.63,1.63
"2015-06-29",-0.26,-0.27,-0.24,-0.15,-0.03,0.12,0.27,0.43,0.58,0.73,0.87,0.99,1.11,1.21,1.3,1.37,1.44,1.49,1.54,1.58,1.61,1.63,1.65,1.66,1.67,1.67,1.67,1.67,1.67,1.66,1.65
"2015-07-06",-0.28,-0.3,-0.28,-0.21,-0.09,0.05,0.2,0.36,0.51,0.66,0.8,0.93,1.05,1.15,1.25,1.33,1.4,1.46,1.51,1.55,1.58,1.61,1.63,1.64,1.65,1.65,1.66,1.65,1.65,1.64,1.63
"2015-07-13",-0.27,-0.28,-0.22,-0.11,0.03,0.19,0.37,0.54,0.7,0.85,1,1.13,1.24,1.34,1.43,1.51,1.58,1.63,1.68,1.71,1.74,1.77,1.79,1.8,1.81,1.81,1.81,1.81,1.81,1.8,1.79
"2015-07-20",-0.26,-0.28,-0.25,-0.17,-0.05,0.08,0.23,0.38,0.52,0.66,0.79,0.91,1.02,1.11,1.2,1.27,1.33,1.39,1.43,1.47,1.5,1.52,1.54,1.56,1.57,1.57,1.57,1.57,1.57,1.57,1.56
"2015-07-27",-0.25,-0.27,-0.25,-0.18,-0.08,0.04,0.17,0.31,0.44,0.57,0.69,0.8,0.9,0.99,1.07,1.14,1.2,1.25,1.3,1.34,1.37,1.39,1.41,1.43,1.44,1.45,1.45,1.45,1.45,1.45,1.44
"2015-08-03",-0.24,-0.27,-0.26,-0.19,-0.1,0.02,0.15,0.29,0.42,0.54,0.66,0.77,0.87,0.96,1.04,1.11,1.17,1.22,1.27,1.3,1.33,1.36,1.38,1.39,1.4,1.41,1.42,1.42,1.42,1.42,1.41
"2015-08-10",-0.25,-0.28,-0.28,-0.22,-0.13,0,0.13,0.27,0.41,0.55,0.68,0.79,0.9,1,1.08,1.16,1.22,1.28,1.32,1.36,1.4,1.42,1.44,1.46,1.47,1.47,1.48,1.48,1.48,1.47,1.47
"2015-08-17",-0.26,-0.28,-0.28,-0.23,-0.13,-0.02,0.11,0.24,0.38,0.51,0.63,0.74,0.84,0.93,1.02,1.09,1.15,1.2,1.25,1.28,1.31,1.34,1.35,1.36,1.37,1.38,1.37,1.37,1.37,1.36,1.35
"2015-08-24",-0.26,-0.28,-0.27,-0.22,-0.13,-0.03,0.09,0.21,0.33,0.45,0.56,0.67,0.76,0.85,0.93,1,1.06,1.11,1.16,1.2,1.23,1.25,1.27,1.28,1.29,1.29,1.29,1.29,1.28,1.27,1.26
"2015-08-31",-0.24,-0.25,-0.22,-0.15,-0.05,0.07,0.2,0.33,0.47,0.59,0.71,0.83,0.93,1.02,1.11,1.18,1.25,1.3,1.35,1.39,1.42,1.45,1.46,1.48,1.49,1.49,1.49,1.49,1.48,1.47,1.46
"2015-09-07",-0.24,-0.26,-0.23,-0.17,-0.07,0.04,0.17,0.3,0.43,0.56,0.68,0.79,0.89,0.98,1.07,1.14,1.21,1.26,1.31,1.35,1.38,1.41,1.43,1.44,1.46,1.46,1.47,1.47,1.46,1.46,1.45
"2015-09-14",-0.24,-0.26,-0.25,-0.19,-0.1,0.01,0.14,0.27,0.4,0.53,0.65,0.76,0.87,0.97,1.06,1.14,1.21,1.27,1.32,1.37,1.4,1.43,1.46,1.47,1.49,1.49,1.5,1.5,1.49,1.49,1.48
"2015-09-21",-0.25,-0.26,-0.24,-0.17,-0.08,0.04,0.17,0.3,0.43,0.56,0.68,0.79,0.9,0.99,1.08,1.15,1.22,1.28,1.33,1.37,1.4,1.42,1.44,1.46,1.47,1.47,1.47,1.47,1.47,1.46,1.45
"2015-09-28",-0.26,-0.27,-0.26,-0.2,-0.1,0.01,0.13,0.25,0.38,0.51,0.63,0.74,0.84,0.93,1.02,1.09,1.16,1.22,1.26,1.31,1.34,1.37,1.39,1.4,1.41,1.42,1.42,1.42,1.42,1.41,1.4
"2015-10-05",-0.26,-0.28,-0.28,-0.23,-0.15,-0.05,0.06,0.18,0.3,0.42,0.54,0.65,0.75,0.84,0.93,1,1.07,1.13,1.18,1.22,1.26,1.29,1.31,1.33,1.35,1.36,1.36,1.36,1.36,1.36,1.35
"2015-10-12",-0.26,-0.27,-0.26,-0.2,-0.12,-0.01,0.11,0.24,0.36,0.49,0.61,0.72,0.82,0.92,1,1.08,1.15,1.21,1.26,1.3,1.34,1.37,1.39,1.41,1.42,1.43,1.43,1.43,1.43,1.42,1.42
"2015-10-19",-0.28,-0.3,-0.29,-0.23,-0.15,-0.05,0.07,0.2,0.32,0.44,0.56,0.67,0.78,0.87,0.96,1.03,1.1,1.16,1.21,1.26,1.29,1.32,1.35,1.37,1.38,1.39,1.39,1.4,1.39,1.39,1.38
"2015-10-26",-0.31,-0.34,-0.34,-0.29,-0.21,-0.11,0.01,0.14,0.26,0.39,0.51,0.62,0.73,0.82,0.91,0.99,1.05,1.11,1.17,1.21,1.25,1.27,1.3,1.32,1.33,1.34,1.34,1.34,1.34,1.33,1.32
"2015-11-02",-0.31,-0.33,-0.31,-0.25,-0.16,-0.05,0.07,0.2,0.33,0.45,0.57,0.68,0.79,0.88,0.97,1.04,1.11,1.17,1.22,1.26,1.29,1.32,1.34,1.36,1.37,1.38,1.38,1.38,1.37,1.37,1.36
"2015-11-09",-0.28,-0.3,-0.29,-0.22,-0.12,0.01,0.15,0.3,0.45,0.59,0.73,0.86,0.98,1.09,1.19,1.28,1.35,1.42,1.48,1.52,1.56,1.6,1.62,1.64,1.65,1.66,1.66,1.66,1.65,1.65,1.63
"2015-11-16",-0.33,-0.36,-0.36,-0.31,-0.22,-0.1,0.04,0.18,0.32,0.46,0.6,0.72,0.84,0.95,1.04,1.13,1.21,1.27,1.33,1.38,1.42,1.45,1.48,1.49,1.51,1.52,1.52,1.52,1.52,1.52,1.51
"2015-11-23",-0.35,-0.38,-0.38,-0.33,-0.24,-0.13,0,0.14,0.27,0.41,0.53,0.65,0.76,0.86,0.95,1.02,1.09,1.15,1.2,1.25,1.28,1.31,1.33,1.35,1.36,1.37,1.37,1.37,1.37,1.36,1.36
"2015-11-30",-0.37,-0.41,-0.42,-0.38,-0.29,-0.18,-0.05,0.08,0.22,0.36,0.49,0.61,0.73,0.83,0.93,1.01,1.09,1.15,1.21,1.26,1.3,1.33,1.35,1.37,1.39,1.4,1.4,1.4,1.4,1.39,1.39
"2015-12-07",-0.32,-0.34,-0.31,-0.24,-0.14,-0.02,0.12,0.26,0.4,0.53,0.66,0.78,0.9,1,1.09,1.17,1.24,1.31,1.36,1.4,1.44,1.47,1.49,1.51,1.52,1.52,1.53,1.53,1.52,1.51,1.5
"2015-12-14",-0.35,-0.37,-0.37,-0.31,-0.21,-0.09,0.05,0.19,0.33,0.46,0.59,0.72,0.83,0.93,1.02,1.1,1.17,1.24,1.29,1.33,1.37,1.39,1.42,1.43,1.44,1.45,1.45,1.45,1.44,1.43,1.42
"2015-12-21",-0.36,-0.38,-0.37,-0.3,-0.21,-0.08,0.05,0.19,0.33,0.46,0.59,0.7,0.81,0.91,1,1.07,1.14,1.2,1.25,1.29,1.32,1.34,1.36,1.38,1.38,1.39,1.39,1.38,1.38,1.37,1.36
"2015-12-28",-0.37,-0.38,-0.34,-0.27,-0.16,-0.03,0.11,0.25,0.39,0.52,0.65,0.77,0.89,0.99,1.08,1.16,1.23,1.29,1.34,1.39,1.42,1.45,1.47,1.49,1.5,1.51,1.51,1.51,1.51,1.5,1.49
"2016-01-04",-0.4,-0.4,-0.37,-0.29,-0.18,-0.06,0.08,0.22,0.36,0.5,0.63,0.75,0.87,0.97,1.06,1.15,1.22,1.28,1.34,1.38,1.42,1.45,1.48,1.5,1.51,1.52,1.52,1.52,1.52,1.51,1.5
"2016-01-11",-0.42,-0.42,-0.4,-0.33,-0.22,-0.1,0.04,0.18,0.32,0.46,0.59,0.71,0.83,0.93,1.02,1.1,1.18,1.24,1.29,1.34,1.37,1.41,1.43,1.45,1.46,1.47,1.47,1.47,1.47,1.46,1.45
"2016-01-18",-0.41,-0.42,-0.4,-0.34,-0.24,-0.12,0.01,0.14,0.28,0.41,0.54,0.66,0.77,0.87,0.96,1.04,1.11,1.17,1.23,1.27,1.31,1.34,1.36,1.38,1.39,1.4,1.41,1.41,1.41,1.4,1.39
"2016-01-25",-0.42,-0.45,-0.45,-0.4,-0.31,-0.2,-0.07,0.06,0.2,0.33,0.46,0.58,0.69,0.8,0.89,0.97,1.04,1.1,1.15,1.2,1.23,1.26,1.29,1.3,1.31,1.32,1.33,1.32,1.32,1.31,1.31
"2016-02-01",-0.43,-0.47,-0.49,-0.45,-0.38,-0.28,-0.17,-0.05,0.08,0.2,0.31,0.42,0.53,0.62,0.7,0.78,0.85,0.9,0.95,1,1.03,1.06,1.08,1.1,1.11,1.12,1.13,1.13,1.13,1.12,1.12
"2016-02-08",-0.44,-0.48,-0.5,-0.47,-0.41,-0.32,-0.21,-0.1,0.01,0.13,0.24,0.34,0.44,0.53,0.61,0.68,0.74,0.8,0.85,0.89,0.92,0.95,0.97,0.99,1,1.01,1.02,1.02,1.02,1.02,1.01
"2016-02-15",-0.44,-0.48,-0.5,-0.47,-0.41,-0.32,-0.21,-0.1,0.02,0.13,0.24,0.34,0.44,0.52,0.6,0.67,0.74,0.79,0.84,0.88,0.91,0.94,0.96,0.97,0.99,0.99,1,1,1,1,0.99
"2016-02-22",-0.46,-0.5,-0.53,-0.5,-0.44,-0.36,-0.25,-0.14,-0.03,0.08,0.19,0.29,0.39,0.48,0.56,0.63,0.69,0.75,0.79,0.83,0.87,0.9,0.92,0.94,0.95,0.96,0.96,0.97,0.97,0.96,0.96
"2016-02-29",-0.48,-0.53,-0.56,-0.55,-0.49,-0.42,-0.32,-0.22,-0.11,0,0.11,0.2,0.3,0.38,0.46,0.53,0.59,0.65,0.7,0.74,0.77,0.8,0.82,0.84,0.86,0.87,0.88,0.88,0.88,0.88,0.88
"2016-03-07",-0.48,-0.53,-0.56,-0.54,-0.48,-0.39,-0.28,-0.17,-0.05,0.07,0.19,0.3,0.4,0.5,0.59,0.66,0.73,0.8,0.85,0.9,0.94,0.97,0.99,1.02,1.03,1.04,1.05,1.06,1.06,1.06,1.05
"2016-03-14",-0.44,-0.47,-0.48,-0.45,-0.39,-0.3,-0.2,-0.1,0.02,0.13,0.24,0.34,0.44,0.53,0.61,0.68,0.75,0.81,0.86,0.91,0.95,0.98,1.01,1.03,1.05,1.06,1.07,1.07,1.08,1.08,1.08
"2016-03-21",-0.46,-0.49,-0.5,-0.47,-0.41,-0.34,-0.24,-0.14,-0.04,0.07,0.17,0.26,0.36,0.44,0.52,0.59,0.65,0.71,0.76,0.8,0.84,0.87,0.9,0.92,0.94,0.95,0.96,0.97,0.97,0.97,0.97
"2016-03-24",-0.46,-0.49,-0.51,-0.48,-0.42,-0.34,-0.25,-0.15,-0.04,0.06,0.16,0.26,0.35,0.43,0.51,0.58,0.64,0.7,0.74,0.79,0.82,0.85,0.88,0.9,0.91,0.93,0.93,0.94,0.94,0.94,0.94
"2016-04-04",-0.51,-0.5,-0.48,-0.48,-0.44,-0.36,-0.27,-0.17,-0.07,0.03,0.12,0.21,0.28,0.35,0.42,0.47,0.52,0.57,0.61,0.65,0.68,0.71,0.74,0.76,0.79,0.81,0.83,0.85,0.87,0.88,0.9
"2016-04-11",-0.53,-0.51,-0.52,-0.52,-0.49,-0.42,-0.33,-0.23,-0.12,-0.02,0.08,0.17,0.25,0.32,0.38,0.44,0.49,0.54,0.58,0.62,0.65,0.68,0.71,0.74,0.76,0.78,0.8,0.82,0.84,0.85,0.87
"2016-04-18",-0.53,-0.51,-0.52,-0.52,-0.48,-0.4,-0.31,-0.2,-0.09,0.02,0.12,0.21,0.3,0.37,0.44,0.5,0.55,0.6,0.64,0.68,0.71,0.74,0.77,0.8,0.82,0.85,0.87,0.89,0.9,0.92,0.93
"2016-04-25",-0.54,-0.51,-0.51,-0.5,-0.45,-0.37,-0.25,-0.13,-0.01,0.11,0.22,0.32,0.41,0.5,0.57,0.63,0.69,0.74,0.79,0.83,0.87,0.91,0.94,0.97,0.99,1.02,1.04,1.06,1.08,1.1,1.11
"2016-05-02",-0.53,-0.5,-0.49,-0.47,-0.41,-0.32,-0.21,-0.08,0.04,0.16,0.26,0.36,0.45,0.53,0.6,0.66,0.72,0.76,0.81,0.85,0.89,0.92,0.95,0.97,1,1.02,1.04,1.06,1.08,1.1,1.11
"2016-05-09",-0.53,-0.51,-0.52,-0.51,-0.47,-0.38,-0.28,-0.17,-0.06,0.05,0.15,0.25,0.33,0.41,0.48,0.54,0.59,0.64,0.68,0.72,0.76,0.79,0.82,0.85,0.87,0.9,0.92,0.94,0.96,0.97,0.99
"2016-05-13",-0.54,-0.52,-0.52,-0.51,-0.47,-0.39,-0.3,-0.19,-0.08,0.03,0.13,0.22,0.31,0.38,0.45,0.52,0.57,0.62,0.67,0.71,0.74,0.78,0.81,0.84,0.86,0.89,0.91,0.93,0.95,0.96,0.98
"2016-05-23",-0.51,-0.5,-0.51,-0.51,-0.46,-0.38,-0.28,-0.17,-0.06,0.06,0.16,0.25,0.34,0.42,0.49,0.55,0.6,0.65,0.7,0.74,0.77,0.81,0.84,0.87,0.89,0.91,0.94,0.96,0.97,0.99,1.01
"2016-05-30",-0.55,-0.53,-0.53,-0.51,-0.46,-0.38,-0.27,-0.16,-0.04,0.07,0.17,0.27,0.35,0.43,0.5,0.56,0.62,0.67,0.71,0.75,0.79,0.82,0.85,0.88,0.9,0.93,0.95,0.97,0.99,1,1.02
"2016-06-06",-0.56,-0.55,-0.55,-0.54,-0.49,-0.42,-0.33,-0.23,-0.12,-0.02,0.07,0.16,0.24,0.31,0.37,0.43,0.48,0.53,0.57,0.61,0.64,0.67,0.7,0.72,0.75,0.77,0.79,0.81,0.83,0.84,0.86
"2016-06-13",-0.57,-0.55,-0.55,-0.54,-0.5,-0.44,-0.36,-0.27,-0.18,-0.09,-0.01,0.06,0.13,0.19,0.25,0.3,0.34,0.38,0.42,0.45,0.48,0.51,0.53,0.55,0.57,0.59,0.61,0.63,0.64,0.65,0.67
"2016-06-20",-0.59,-0.57,-0.59,-0.59,-0.55,-0.47,-0.37,-0.27,-0.16,-0.07,0.02,0.11,0.18,0.24,0.3,0.35,0.4,0.44,0.47,0.51,0.54,0.56,0.59,0.61,0.63,0.65,0.67,0.69,0.7,0.72,0.73
"2016-06-27",-0.65,-0.65,-0.67,-0.66,-0.62,-0.55,-0.47,-0.39,-0.3,-0.22,-0.15,-0.08,-0.02,0.04,0.09,0.13,0.17,0.21,0.24,0.27,0.29,0.31,0.33,0.35,0.37,0.39,0.4,0.42,0.43,0.44,0.45
"2016-07-04",-0.68,-0.67,-0.67,-0.67,-0.63,-0.57,-0.49,-0.4,-0.32,-0.23,-0.15,-0.08,-0.01,0.05,0.1,0.15,0.19,0.23,0.26,0.29,0.32,0.35,0.37,0.39,0.41,0.43,0.44,0.46,0.47,0.49,0.5
"2016-07-11",-0.69,-0.7,-0.72,-0.72,-0.69,-0.63,-0.56,-0.47,-0.39,-0.31,-0.23,-0.16,-0.09,-0.03,0.02,0.07,0.11,0.15,0.18,0.21,0.24,0.26,0.29,0.31,0.33,0.34,0.36,0.38,0.39,0.4,0.42
"2016-07-18",-0.67,-0.66,-0.67,-0.67,-0.64,-0.57,-0.48,-0.38,-0.28,-0.18,-0.1,-0.02,0.06,0.12,0.18,0.23,0.27,0.31,0.35,0.38,0.41,0.44,0.46,0.49,0.51,0.52,0.54,0.56,0.57,0.59,0.6
"2016-07-25",-0.63,-0.62,-0.63,-0.63,-0.59,-0.53,-0.44,-0.35,-0.26,-0.17,-0.08,-0.01,0.06,0.12,0.18,0.22,0.27,0.31,0.34,0.37,0.4,0.43,0.45,0.47,0.49,0.51,0.52,0.54,0.55,0.57,0.58
"2016-08-01",-0.63,-0.62,-0.65,-0.66,-0.63,-0.57,-0.5,-0.42,-0.34,-0.26,-0.19,-0.13,-0.07,-0.01,0.04,0.08,0.12,0.16,0.19,0.22,0.24,0.27,0.29,0.31,0.33,0.34,0.36,0.37,0.39,0.4,0.41
"2016-08-08",-0.63,-0.62,-0.64,-0.65,-0.62,-0.56,-0.48,-0.39,-0.3,-0.21,-0.13,-0.06,0.01,0.07,0.12,0.17,0.21,0.25,0.29,0.32,0.34,0.37,0.39,0.41,0.43,0.45,0.47,0.48,0.5,0.51,0.52
"2016-08-15",-0.63,-0.62,-0.65,-0.66,-0.64,-0.59,-0.51,-0.43,-0.34,-0.26,-0.18,-0.11,-0.04,0.02,0.07,0.12,0.17,0.2,0.24,0.27,0.3,0.32,0.35,0.37,0.39,0.41,0.42,0.44,0.45,0.47,0.48
"2016-08-22",-0.62,-0.61,-0.63,-0.63,-0.6,-0.55,-0.47,-0.38,-0.29,-0.21,-0.13,-0.05,0.01,0.07,0.13,0.17,0.22,0.25,0.29,0.32,0.35,0.37,0.4,0.42,0.44,0.45,0.47,0.49,0.5,0.51,0.52
"2016-08-29",-0.63,-0.62,-0.63,-0.63,-0.6,-0.54,-0.46,-0.38,-0.29,-0.21,-0.12,-0.05,0.02,0.08,0.14,0.19,0.23,0.27,0.31,0.34,0.37,0.4,0.42,0.45,0.47,0.49,0.5,0.52,0.53,0.55,0.56
"2016-09-05",-0.64,-0.64,-0.65,-0.65,-0.61,-0.55,-0.47,-0.37,-0.28,-0.19,-0.1,-0.03,0.05,0.11,0.17,0.23,0.27,0.32,0.36,0.39,0.42,0.45,0.48,0.5,0.52,0.54,0.56,0.58,0.6,0.61,0.63
"2016-09-12",-0.63,-0.63,-0.64,-0.62,-0.58,-0.5,-0.4,-0.3,-0.2,-0.1,-0.01,0.07,0.15,0.22,0.28,0.33,0.38,0.42,0.46,0.49,0.52,0.55,0.58,0.6,0.62,0.64,0.66,0.67,0.69,0.71,0.72
"2016-09-19",-0.67,-0.66,-0.66,-0.65,-0.61,-0.54,-0.44,-0.34,-0.23,-0.13,-0.04,0.05,0.13,0.2,0.27,0.33,0.38,0.43,0.47,0.51,0.54,0.57,0.6,0.63,0.65,0.67,0.69,0.71,0.73,0.74,0.76
"2016-09-26",-0.68,-0.67,-0.69,-0.69,-0.66,-0.59,-0.51,-0.42,-0.33,-0.24,-0.16,-0.08,-0.01,0.05,0.11,0.16,0.21,0.25,0.28,0.32,0.35,0.37,0.4,0.42,0.44,0.46,0.48,0.49,0.51,0.52,0.54
"2016-09-30",-0.71,-0.7,-0.72,-0.72,-0.69,-0.63,-0.56,-0.47,-0.38,-0.29,-0.21,-0.13,-0.06,0,0.06,0.11,0.15,0.19,0.23,0.26,0.29,0.32,0.34,0.36,0.38,0.4,0.42,0.44,0.45,0.46,0.48
"2016-10-10",-0.7,-0.68,-0.68,-0.66,-0.6,-0.52,-0.42,-0.32,-0.21,-0.11,-0.02,0.07,0.14,0.21,0.28,0.33,0.39,0.43,0.47,0.51,0.55,0.58,0.61,0.63,0.66,0.68,0.7,0.72,0.74,0.75,0.77
"2016-10-17",-0.72,-0.68,-0.66,-0.64,-0.58,-0.49,-0.39,-0.27,-0.16,-0.06,0.04,0.13,0.21,0.28,0.35,0.4,0.45,0.5,0.54,0.58,0.61,0.64,0.67,0.69,0.71,0.74,0.75,0.77,0.79,0.8,0.82
"2016-10-24",-0.73,-0.69,-0.68,-0.66,-0.61,-0.53,-0.44,-0.34,-0.24,-0.14,-0.05,0.03,0.11,0.17,0.24,0.29,0.34,0.38,0.42,0.46,0.49,0.52,0.55,0.57,0.6,0.62,0.64,0.66,0.67,0.69,0.7
"2016-10-31",-0.72,-0.67,-0.63,-0.59,-0.52,-0.42,-0.3,-0.19,-0.07,0.03,0.13,0.22,0.3,0.37,0.43,0.49,0.54,0.58,0.62,0.66,0.69,0.72,0.75,0.78,0.8,0.82,0.84,0.86,0.87,0.89,0.9
"2016-11-07",-0.74,-0.69,-0.65,-0.62,-0.54,-0.43,-0.32,-0.2,-0.08,0.02,0.12,0.21,0.28,0.35,0.41,0.46,0.51,0.55,0.59,0.63,0.66,0.69,0.71,0.73,0.76,0.78,0.79,0.81,0.83,0.84,0.85
"2016-11-14",-0.73,-0.68,-0.62,-0.55,-0.44,-0.31,-0.16,-0.02,0.11,0.23,0.34,0.43,0.52,0.59,0.66,0.71,0.76,0.81,0.85,0.89,0.92,0.95,0.98,1,1.02,1.04,1.06,1.08,1.1,1.11,1.13
"2016-11-21",-0.75,-0.74,-0.7,-0.62,-0.5,-0.36,-0.21,-0.07,0.06,0.18,0.28,0.38,0.46,0.53,0.59,0.64,0.69,0.73,0.77,0.81,0.84,0.87,0.89,0.91,0.94,0.96,0.97,0.99,1.01,1.02,1.03
"2016-11-28",-0.82,-0.83,-0.79,-0.71,-0.59,-0.45,-0.31,-0.17,-0.03,0.1,0.21,0.32,0.41,0.49,0.56,0.63,0.68,0.72,0.76,0.79,0.82,0.84,0.86,0.87,0.89,0.89,0.9,0.91,0.91,0.91,0.91
"2016-12-05",-0.87,-0.8,-0.75,-0.67,-0.55,-0.39,-0.23,-0.07,0.08,0.21,0.32,0.42,0.51,0.58,0.65,0.7,0.75,0.8,0.84,0.87,0.9,0.93,0.96,0.98,1,1.02,1.04,1.06,1.08,1.09,1.1
"2016-12-12",-0.84,-0.76,-0.74,-0.69,-0.57,-0.4,-0.21,-0.03,0.15,0.3,0.44,0.55,0.66,0.75,0.82,0.89,0.95,1,1.05,1.09,1.13,1.16,1.19,1.22,1.25,1.27,1.29,1.32,1.33,1.35,1.37
"2016-12-19",-0.89,-0.83,-0.81,-0.75,-0.62,-0.45,-0.27,-0.09,0.07,0.22,0.34,0.45,0.55,0.63,0.7,0.76,0.81,0.86,0.91,0.94,0.98,1.01,1.04,1.06,1.09,1.11,1.13,1.15,1.17,1.18,1.2
"2016-12-23",-0.93,-0.85,-0.81,-0.75,-0.63,-0.47,-0.3,-0.13,0.03,0.16,0.28,0.38,0.47,0.55,0.61,0.67,0.72,0.76,0.8,0.84,0.87,0.9,0.93,0.95,0.97,0.99,1.01,1.03,1.05,1.06,1.08
"2017-01-02",-0.92,-0.83,-0.81,-0.77,-0.68,-0.54,-0.37,-0.21,-0.06,0.08,0.2,0.31,0.4,0.48,0.55,0.61,0.66,0.71,0.75,0.79,0.82,0.85,0.88,0.91,0.93,0.95,0.97,0.99,1.01,1.02,1.04
"2017-01-09",-0.78,-0.75,-0.75,-0.7,-0.59,-0.44,-0.26,-0.09,0.06,0.2,0.33,0.43,0.53,0.61,0.68,0.74,0.8,0.84,0.89,0.93,0.96,0.99,1.02,1.05,1.07,1.09,1.11,1.13,1.15,1.17,1.18
"2017-01-16",-0.74,-0.75,-0.76,-0.72,-0.62,-0.47,-0.31,-0.14,0.02,0.16,0.29,0.4,0.5,0.59,0.66,0.73,0.79,0.84,0.89,0.93,0.97,1.01,1.04,1.07,1.09,1.12,1.14,1.16,1.18,1.2,1.21
"2017-01-23",-0.65,-0.68,-0.7,-0.65,-0.54,-0.39,-0.22,-0.05,0.11,0.25,0.38,0.5,0.6,0.69,0.77,0.84,0.9,0.95,1,1.05,1.08,1.12,1.15,1.18,1.21,1.23,1.26,1.28,1.3,1.32,1.33
"2017-01-30",-0.67,-0.68,-0.68,-0.61,-0.48,-0.31,-0.13,0.04,0.2,0.34,0.46,0.57,0.67,0.75,0.82,0.89,0.95,1,1.04,1.08,1.12,1.15,1.18,1.21,1.23,1.25,1.28,1.29,1.31,1.33,1.35
"2017-02-06",-0.75,-0.78,-0.78,-0.71,-0.58,-0.41,-0.23,-0.06,0.11,0.26,0.39,0.5,0.6,0.69,0.77,0.84,0.9,0.95,1,1.04,1.08,1.12,1.15,1.18,1.21,1.23,1.25,1.27,1.29,1.31,1.33
"2017-02-13",-0.81,-0.85,-0.84,-0.75,-0.62,-0.46,-0.29,-0.13,0.03,0.18,0.32,0.45,0.56,0.65,0.74,0.82,0.88,0.94,0.98,1.03,1.06,1.09,1.12,1.14,1.16,1.17,1.19,1.2,1.21,1.22,1.22
"2017-02-20",-0.84,-0.85,-0.85,-0.78,-0.65,-0.49,-0.32,-0.15,0.01,0.16,0.29,0.4,0.5,0.59,0.67,0.74,0.81,0.86,0.91,0.96,1,1.04,1.07,1.1,1.13,1.16,1.18,1.2,1.22,1.24,1.26
"2017-02-27",-0.93,-0.95,-0.96,-0.89,-0.77,-0.61,-0.44,-0.27,-0.11,0.04,0.17,0.28,0.38,0.47,0.55,0.61,0.67,0.73,0.77,0.82,0.85,0.89,0.92,0.95,0.97,1,1.02,1.04,1.06,1.08,1.1
"2017-03-06",-0.89,-0.87,-0.83,-0.75,-0.62,-0.46,-0.29,-0.12,0.04,0.19,0.32,0.43,0.53,0.62,0.7,0.76,0.83,0.88,0.93,0.97,1.01,1.04,1.08,1.11,1.13,1.16,1.18,1.2,1.22,1.24,1.26
"2017-03-13",-0.94,-0.91,-0.83,-0.71,-0.54,-0.35,-0.17,0.01,0.17,0.31,0.44,0.55,0.65,0.73,0.81,0.87,0.93,0.98,1.03,1.07,1.11,1.14,1.17,1.2,1.22,1.25,1.27,1.29,1.31,1.32,1.34
"2017-03-20",-0.89,-0.86,-0.79,-0.67,-0.51,-0.34,-0.16,0.01,0.17,0.31,0.43,0.54,0.64,0.72,0.79,0.85,0.91,0.96,1.01,1.05,1.08,1.11,1.14,1.17,1.2,1.22,1.24,1.26,1.28,1.29,1.31
"2017-03-27",-0.83,-0.8,-0.74,-0.64,-0.5,-0.35,-0.19,-0.03,0.12,0.25,0.37,0.47,0.56,0.64,0.71,0.78,0.83,0.88,0.93,0.97,1,1.04,1.07,1.09,1.12,1.14,1.16,1.18,1.2,1.22,1.23
"2017-04-03",-0.76,-0.78,-0.78,-0.71,-0.58,-0.43,-0.26,-0.1,0.05,0.19,0.31,0.42,0.52,0.6,0.68,0.74,0.8,0.85,0.9,0.94,0.98,1.01,1.04,1.07,1.1,1.12,1.14,1.16,1.18,1.2,1.22
"2017-04-10",-0.81,-0.84,-0.83,-0.78,-0.66,-0.51,-0.35,-0.19,-0.04,0.1,0.22,0.33,0.42,0.5,0.58,0.64,0.7,0.75,0.8,0.84,0.88,0.91,0.94,0.97,1,1.02,1.04,1.06,1.08,1.1,1.11
"2017-04-13",-0.85,-0.88,-0.87,-0.81,-0.7,-0.55,-0.39,-0.23,-0.08,0.05,0.17,0.27,0.36,0.44,0.51,0.57,0.63,0.68,0.72,0.76,0.79,0.83,0.86,0.88,0.91,0.93,0.95,0.97,0.99,1,1.02
"2017-04-24",-0.74,-0.75,-0.71,-0.62,-0.49,-0.34,-0.19,-0.04,0.1,0.23,0.34,0.44,0.53,0.6,0.67,0.73,0.79,0.84,0.88,0.92,0.95,0.98,1.01,1.04,1.06,1.09,1.11,1.12,1.14,1.16,1.17
"2017-04-28",-0.76,-0.79,-0.74,-0.65,-0.52,-0.37,-0.21,-0.06,0.09,0.22,0.34,0.44,0.54,0.62,0.7,0.76,0.82,0.87,0.92,0.96,1,1.04,1.07,1.1,1.13,1.15,1.17,1.19,1.21,1.23,1.25
"2017-05-08",-0.75,-0.74,-0.7,-0.61,-0.48,-0.32,-0.16,0.01,0.16,0.29,0.42,0.52,0.62,0.7,0.77,0.84,0.9,0.95,0.99,1.03,1.07,1.1,1.13,1.16,1.19,1.21,1.23,1.25,1.27,1.29,1.31
"2017-05-15",-0.73,-0.73,-0.69,-0.61,-0.48,-0.32,-0.15,0.02,0.17,0.31,0.44,0.55,0.64,0.73,0.8,0.87,0.93,0.98,1.03,1.07,1.11,1.14,1.17,1.2,1.23,1.25,1.27,1.29,1.31,1.33,1.35
"2017-05-22",-0.73,-0.73,-0.69,-0.61,-0.49,-0.34,-0.17,-0.01,0.14,0.28,0.41,0.52,0.62,0.71,0.78,0.85,0.92,0.97,1.02,1.07,1.11,1.14,1.18,1.21,1.23,1.26,1.28,1.3,1.33,1.34,1.36
"2017-05-29",-0.75,-0.76,-0.72,-0.65,-0.53,-0.38,-0.22,-0.06,0.09,0.23,0.36,0.47,0.57,0.66,0.74,0.8,0.87,0.92,0.97,1.01,1.05,1.09,1.12,1.15,1.18,1.2,1.23,1.25,1.27,1.29,1.3
"2017-06-02",-0.77,-0.78,-0.75,-0.68,-0.57,-0.42,-0.26,-0.1,0.06,0.2,0.33,0.44,0.54,0.63,0.7,0.77,0.83,0.89,0.94,0.98,1.02,1.06,1.09,1.12,1.15,1.17,1.2,1.22,1.24,1.26,1.27
"2017-06-12",-0.78,-0.78,-0.76,-0.7,-0.59,-0.44,-0.29,-0.13,0.02,0.16,0.29,0.4,0.5,0.59,0.67,0.74,0.8,0.86,0.91,0.95,0.99,1.03,1.06,1.1,1.12,1.15,1.17,1.2,1.22,1.24,1.25
"2017-06-19",-0.72,-0.7,-0.68,-0.62,-0.52,-0.39,-0.24,-0.09,0.06,0.2,0.32,0.43,0.53,0.61,0.69,0.76,0.82,0.87,0.92,0.96,1,1.04,1.07,1.1,1.13,1.15,1.17,1.19,1.21,1.23,1.25
"2017-06-26",-0.72,-0.68,-0.65,-0.59,-0.5,-0.37,-0.23,-0.09,0.05,0.17,0.29,0.39,0.49,0.57,0.64,0.71,0.76,0.82,0.86,0.9,0.94,0.97,1,1.03,1.06,1.08,1.1,1.12,1.14,1.16,1.18
"2017-07-03",-0.71,-0.67,-0.6,-0.5,-0.37,-0.22,-0.06,0.1,0.25,0.38,0.5,0.61,0.7,0.78,0.86,0.92,0.98,1.02,1.07,1.11,1.15,1.18,1.21,1.23,1.26,1.28,1.3,1.32,1.34,1.36,1.37
"2017-07-10",-0.71,-0.7,-0.63,-0.5,-0.34,-0.17,0,0.17,0.32,0.47,0.6,0.71,0.82,0.91,0.99,1.06,1.12,1.17,1.21,1.25,1.28,1.31,1.33,1.35,1.37,1.38,1.4,1.41,1.42,1.42,1.43
"2017-07-17",-0.7,-0.71,-0.64,-0.51,-0.35,-0.17,0,0.16,0.31,0.45,0.58,0.69,0.78,0.87,0.94,1.01,1.07,1.12,1.16,1.2,1.23,1.26,1.29,1.31,1.33,1.35,1.37,1.38,1.4,1.41,1.42
"2017-07-24",-0.7,-0.71,-0.66,-0.55,-0.41,-0.24,-0.08,0.08,0.23,0.37,0.49,0.6,0.7,0.79,0.87,0.94,1,1.05,1.1,1.14,1.18,1.21,1.24,1.26,1.28,1.3,1.32,1.33,1.35,1.36,1.37
"2017-07-31",-0.7,-0.72,-0.68,-0.56,-0.4,-0.23,-0.05,0.12,0.28,0.42,0.55,0.67,0.77,0.86,0.94,1.01,1.07,1.12,1.17,1.21,1.25,1.28,1.31,1.33,1.36,1.38,1.39,1.41,1.43,1.44,1.45
"2017-08-07",-0.7,-0.72,-0.68,-0.57,-0.43,-0.27,-0.1,0.06,0.21,0.35,0.48,0.59,0.68,0.77,0.85,0.91,0.97,1.02,1.06,1.1,1.14,1.17,1.19,1.22,1.24,1.26,1.27,1.29,1.3,1.31,1.32
"2017-08-14",-0.73,-0.73,-0.72,-0.63,-0.48,-0.31,-0.15,0.01,0.16,0.29,0.41,0.52,0.61,0.69,0.77,0.83,0.89,0.94,0.99,1.03,1.07,1.1,1.13,1.16,1.19,1.21,1.23,1.25,1.27,1.29,1.31
"2017-08-21",-0.73,-0.74,-0.71,-0.62,-0.49,-0.33,-0.17,-0.01,0.14,0.27,0.39,0.49,0.59,0.67,0.74,0.81,0.87,0.92,0.96,1,1.04,1.07,1.11,1.13,1.16,1.18,1.21,1.23,1.25,1.26,1.28
"2017-08-28",-0.75,-0.76,-0.73,-0.64,-0.51,-0.35,-0.19,-0.03,0.12,0.25,0.37,0.48,0.58,0.66,0.73,0.8,0.86,0.91,0.96,1,1.04,1.07,1.11,1.13,1.16,1.19,1.21,1.23,1.25,1.27,1.28
"2017-09-04",-0.78,-0.78,-0.75,-0.67,-0.54,-0.38,-0.22,-0.06,0.1,0.23,0.36,0.47,0.57,0.65,0.73,0.8,0.86,0.91,0.96,1,1.04,1.08,1.11,1.14,1.17,1.19,1.22,1.24,1.26,1.28,1.3
"2017-09-11",-0.8,-0.8,-0.77,-0.69,-0.56,-0.41,-0.24,-0.08,0.07,0.21,0.33,0.45,0.55,0.63,0.71,0.78,0.84,0.9,0.94,0.99,1.03,1.06,1.1,1.13,1.15,1.18,1.2,1.22,1.24,1.26,1.28
"2017-09-18",-0.77,-0.75,-0.73,-0.63,-0.48,-0.31,-0.14,0.03,0.18,0.32,0.44,0.55,0.64,0.73,0.8,0.87,0.93,0.99,1.04,1.08,1.12,1.16,1.19,1.22,1.25,1.27,1.3,1.32,1.34,1.36,1.38
"2017-09-25",-0.76,-0.75,-0.73,-0.63,-0.49,-0.32,-0.15,0.02,0.17,0.3,0.42,0.53,0.63,0.71,0.78,0.85,0.91,0.96,1.01,1.05,1.09,1.12,1.15,1.18,1.21,1.23,1.25,1.28,1.29,1.31,1.33
"2017-10-02",-0.76,-0.76,-0.73,-0.62,-0.46,-0.29,-0.11,0.05,0.21,0.34,0.47,0.58,0.67,0.76,0.83,0.9,0.96,1.01,1.06,1.1,1.14,1.18,1.21,1.24,1.27,1.29,1.32,1.34,1.36,1.38,1.39
"2017-10-09",-0.76,-0.77,-0.72,-0.61,-0.46,-0.29,-0.12,0.05,0.2,0.34,0.46,0.57,0.67,0.75,0.83,0.9,0.95,1.01,1.05,1.1,1.13,1.17,1.2,1.23,1.26,1.28,1.3,1.32,1.34,1.36,1.38
"2017-10-16",-0.77,-0.79,-0.75,-0.64,-0.5,-0.34,-0.17,-0.01,0.14,0.29,0.42,0.53,0.64,0.73,0.81,0.88,0.94,1,1.04,1.08,1.12,1.15,1.18,1.2,1.23,1.25,1.26,1.28,1.29,1.3,1.32
"2017-10-23",-0.78,-0.79,-0.74,-0.63,-0.47,-0.31,-0.14,0.03,0.19,0.33,0.46,0.58,0.68,0.77,0.85,0.92,0.98,1.04,1.09,1.13,1.16,1.2,1.22,1.25,1.27,1.29,1.31,1.32,1.34,1.35,1.36
"2017-10-30",-0.79,-0.81,-0.77,-0.66,-0.52,-0.35,-0.19,-0.02,0.14,0.28,0.41,0.53,0.64,0.73,0.81,0.88,0.95,1,1.05,1.09,1.13,1.16,1.19,1.22,1.24,1.26,1.28,1.29,1.31,1.32,1.33
"2017-11-06",-0.78,-0.81,-0.77,-0.67,-0.53,-0.37,-0.21,-0.05,0.1,0.24,0.37,0.48,0.59,0.68,0.76,0.83,0.89,0.94,0.99,1.03,1.07,1.1,1.13,1.15,1.18,1.2,1.22,1.23,1.25,1.26,1.27
"2017-11-13",-0.77,-0.8,-0.76,-0.65,-0.5,-0.34,-0.17,-0.01,0.15,0.29,0.42,0.54,0.64,0.74,0.82,0.89,0.95,1,1.05,1.09,1.13,1.16,1.19,1.22,1.24,1.26,1.28,1.29,1.31,1.32,1.34
"2017-11-20",-0.77,-0.79,-0.75,-0.65,-0.5,-0.34,-0.18,-0.02,0.13,0.27,0.4,0.51,0.61,0.7,0.78,0.85,0.91,0.97,1.01,1.05,1.09,1.12,1.15,1.17,1.2,1.22,1.23,1.25,1.26,1.28,1.29
"2017-11-27",-0.75,-0.77,-0.72,-0.61,-0.47,-0.32,-0.15,0,0.15,0.28,0.4,0.51,0.61,0.69,0.77,0.83,0.89,0.94,0.98,1.02,1.05,1.08,1.11,1.13,1.15,1.17,1.19,1.2,1.21,1.23,1.24
"2017-12-04",-0.79,-0.79,-0.73,-0.62,-0.47,-0.32,-0.17,-0.02,0.13,0.26,0.38,0.48,0.58,0.66,0.74,0.8,0.86,0.91,0.95,0.99,1.02,1.05,1.08,1.1,1.12,1.13,1.15,1.16,1.18,1.19,1.2
"2017-12-11",-0.83,-0.8,-0.76,-0.65,-0.5,-0.35,-0.19,-0.04,0.1,0.22,0.33,0.43,0.52,0.6,0.67,0.74,0.79,0.85,0.89,0.93,0.97,1,1.04,1.06,1.09,1.12,1.14,1.16,1.18,1.2,1.21
"2017-12-18",-0.9,-0.81,-0.73,-0.61,-0.46,-0.3,-0.15,-0.01,0.12,0.24,0.35,0.44,0.53,0.6,0.67,0.73,0.78,0.83,0.87,0.91,0.95,0.98,1.01,1.04,1.06,1.09,1.11,1.13,1.15,1.16,1.18
"2017-12-22",-0.84,-0.77,-0.68,-0.53,-0.37,-0.2,-0.04,0.11,0.24,0.36,0.46,0.56,0.65,0.72,0.79,0.85,0.91,0.95,1,1.04,1.08,1.11,1.14,1.17,1.19,1.22,1.24,1.26,1.28,1.29,1.31
"2017-12-29",-0.78,-0.72,-0.64,-0.5,-0.34,-0.18,-0.02,0.12,0.25,0.37,0.48,0.57,0.66,0.74,0.81,0.87,0.92,0.97,1.02,1.06,1.1,1.13,1.16,1.19,1.22,1.24,1.26,1.28,1.3,1.32,1.34
"2018-01-08",-0.67,-0.69,-0.63,-0.5,-0.35,-0.18,-0.03,0.12,0.26,0.38,0.49,0.59,0.68,0.75,0.82,0.89,0.94,0.99,1.04,1.08,1.11,1.15,1.18,1.21,1.23,1.25,1.28,1.3,1.32,1.33,1.35
"2018-01-15",-0.66,-0.66,-0.58,-0.43,-0.27,-0.1,0.06,0.21,0.35,0.47,0.58,0.67,0.76,0.83,0.9,0.96,1.01,1.06,1.1,1.14,1.17,1.2,1.23,1.26,1.28,1.31,1.33,1.35,1.36,1.38,1.39
"2018-01-22",-0.65,-0.69,-0.6,-0.44,-0.26,-0.09,0.07,0.22,0.36,0.49,0.59,0.69,0.78,0.85,0.92,0.98,1.03,1.08,1.12,1.16,1.19,1.22,1.25,1.28,1.3,1.32,1.34,1.36,1.38,1.39,1.41
"2018-01-29",-0.63,-0.64,-0.52,-0.33,-0.14,0.04,0.2,0.35,0.47,0.58,0.68,0.76,0.83,0.9,0.95,1,1.05,1.09,1.12,1.15,1.18,1.21,1.23,1.25,1.27,1.29,1.31,1.32,1.34,1.35,1.36
"2018-02-05",-0.66,-0.68,-0.55,-0.35,-0.15,0.05,0.23,0.39,0.53,0.65,0.76,0.84,0.92,0.99,1.05,1.1,1.14,1.18,1.22,1.25,1.28,1.3,1.32,1.35,1.37,1.38,1.4,1.42,1.43,1.44,1.46
"2018-02-12",-0.67,-0.68,-0.56,-0.35,-0.13,0.08,0.27,0.43,0.57,0.7,0.8,0.89,0.97,1.04,1.09,1.14,1.19,1.22,1.26,1.29,1.31,1.33,1.35,1.37,1.38,1.39,1.4,1.41,1.42,1.42,1.42
"2018-02-19",-0.65,-0.66,-0.55,-0.36,-0.15,0.05,0.24,0.39,0.53,0.65,0.76,0.85,0.93,1,1.06,1.12,1.16,1.21,1.24,1.27,1.3,1.33,1.35,1.37,1.38,1.39,1.41,1.41,1.42,1.43,1.43
"2018-02-26",-0.66,-0.67,-0.57,-0.39,-0.19,0.01,0.18,0.33,0.47,0.59,0.69,0.78,0.85,0.92,0.98,1.04,1.08,1.13,1.16,1.19,1.22,1.25,1.27,1.29,1.3,1.32,1.33,1.34,1.35,1.35,1.36
"2018-03-05",-0.69,-0.69,-0.59,-0.41,-0.22,-0.03,0.14,0.3,0.43,0.55,0.66,0.75,0.83,0.9,0.96,1.01,1.06,1.11,1.14,1.17,1.2,1.23,1.25,1.27,1.28,1.3,1.31,1.31,1.32,1.33,1.33
"2018-03-12",-0.7,-0.7,-0.58,-0.4,-0.21,-0.02,0.16,0.32,0.45,0.57,0.67,0.76,0.84,0.9,0.96,1.01,1.06,1.1,1.13,1.17,1.19,1.22,1.25,1.27,1.29,1.31,1.32,1.34,1.35,1.37,1.38
"2018-03-19",-0.71,-0.7,-0.59,-0.42,-0.24,-0.06,0.1,0.25,0.38,0.49,0.59,0.68,0.76,0.83,0.89,0.95,1,1.04,1.08,1.11,1.14,1.16,1.19,1.2,1.22,1.23,1.24,1.25,1.26,1.27,1.27
"2018-03-26",-0.7,-0.69,-0.59,-0.44,-0.26,-0.09,0.08,0.22,0.35,0.46,0.56,0.65,0.72,0.79,0.84,0.89,0.94,0.98,1.01,1.04,1.07,1.1,1.12,1.14,1.16,1.18,1.2,1.21,1.23,1.24,1.25
"2018-03-29",-0.69,-0.69,-0.6,-0.45,-0.28,-0.11,0.05,0.19,0.32,0.43,0.53,0.62,0.69,0.76,0.82,0.87,0.91,0.95,0.99,1.02,1.05,1.08,1.1,1.12,1.14,1.16,1.18,1.2,1.21,1.22,1.24
"2018-04-09",-0.67,-0.68,-0.59,-0.45,-0.28,-0.12,0.04,0.18,0.31,0.42,0.52,0.61,0.69,0.75,0.81,0.87,0.91,0.95,0.99,1.02,1.05,1.08,1.11,1.13,1.15,1.17,1.19,1.2,1.22,1.23,1.25
"2018-04-16",-0.68,-0.67,-0.57,-0.42,-0.25,-0.08,0.08,0.23,0.35,0.47,0.57,0.66,0.73,0.8,0.86,0.91,0.96,1,1.04,1.07,1.1,1.13,1.15,1.17,1.19,1.21,1.23,1.25,1.26,1.28,1.29
"2018-04-23",-0.68,-0.66,-0.55,-0.38,-0.19,-0.01,0.16,0.31,0.44,0.56,0.66,0.75,0.82,0.89,0.95,1,1.05,1.09,1.12,1.16,1.19,1.21,1.24,1.26,1.28,1.3,1.32,1.33,1.35,1.36,1.37
"2018-04-30",-0.67,-0.66,-0.56,-0.41,-0.23,-0.06,0.11,0.26,0.39,0.5,0.6,0.68,0.76,0.83,0.88,0.93,0.98,1.02,1.06,1.09,1.12,1.14,1.17,1.19,1.21,1.23,1.25,1.26,1.28,1.29,1.3
"2018-05-07",-0.64,-0.65,-0.57,-0.43,-0.26,-0.09,0.07,0.22,0.35,0.47,0.57,0.66,0.73,0.8,0.86,0.91,0.96,1,1.04,1.07,1.1,1.13,1.15,1.18,1.2,1.22,1.23,1.25,1.27,1.28,1.29
"2018-05-14",-0.63,-0.66,-0.56,-0.39,-0.21,-0.03,0.13,0.28,0.41,0.52,0.62,0.71,0.79,0.85,0.91,0.97,1.01,1.05,1.09,1.12,1.15,1.18,1.2,1.23,1.25,1.27,1.28,1.3,1.32,1.33,1.34
"2018-05-18",-0.64,-0.65,-0.55,-0.38,-0.19,0,0.16,0.31,0.45,0.56,0.67,0.76,0.83,0.9,0.96,1.02,1.07,1.11,1.15,1.18,1.21,1.24,1.27,1.29,1.31,1.33,1.35,1.37,1.38,1.4,1.41
"2018-05-28",-0.65,-0.69,-0.65,-0.54,-0.38,-0.22,-0.06,0.09,0.22,0.34,0.45,0.54,0.62,0.69,0.75,0.81,0.86,0.9,0.94,0.97,1,1.03,1.06,1.08,1.1,1.12,1.14,1.16,1.17,1.19,1.2
"2018-06-04",-0.66,-0.68,-0.64,-0.53,-0.38,-0.22,-0.06,0.09,0.22,0.34,0.44,0.52,0.6,0.67,0.73,0.78,0.82,0.86,0.9,0.93,0.96,0.99,1.01,1.03,1.05,1.07,1.09,1.11,1.12,1.13,1.15
"2018-06-11",-0.67,-0.7,-0.64,-0.5,-0.34,-0.16,0,0.15,0.28,0.4,0.5,0.59,0.67,0.74,0.79,0.85,0.89,0.93,0.97,1,1.03,1.05,1.08,1.1,1.12,1.14,1.16,1.17,1.19,1.2,1.21
"2018-06-18",-0.67,-0.69,-0.64,-0.52,-0.38,-0.22,-0.07,0.08,0.21,0.33,0.44,0.54,0.62,0.7,0.76,0.82,0.87,0.92,0.96,1,1.03,1.06,1.09,1.11,1.14,1.16,1.18,1.2,1.21,1.23,1.25
"2018-06-25",-0.68,-0.7,-0.67,-0.57,-0.44,-0.29,-0.13,0.01,0.14,0.26,0.37,0.47,0.55,0.63,0.69,0.75,0.8,0.85,0.89,0.93,0.97,1,1.02,1.05,1.07,1.1,1.12,1.14,1.15,1.17,1.18
"2018-07-02",-0.67,-0.71,-0.68,-0.58,-0.43,-0.28,-0.13,0.01,0.13,0.24,0.34,0.43,0.51,0.58,0.64,0.7,0.74,0.79,0.82,0.86,0.89,0.92,0.94,0.97,0.99,1.01,1.03,1.05,1.06,1.08,1.09
"2018-07-09",-0.67,-0.7,-0.66,-0.56,-0.42,-0.27,-0.13,0.01,0.14,0.25,0.35,0.44,0.51,0.58,0.64,0.7,0.75,0.79,0.83,0.86,0.9,0.92,0.95,0.98,1,1.02,1.04,1.05,1.07,1.08,1.1
"2018-07-16",-0.67,-0.69,-0.64,-0.54,-0.41,-0.27,-0.13,0,0.12,0.23,0.33,0.42,0.5,0.57,0.63,0.68,0.73,0.78,0.82,0.85,0.89,0.91,0.94,0.97,0.99,1.01,1.03,1.05,1.06,1.08,1.09
"2018-07-23",-0.68,-0.69,-0.63,-0.52,-0.39,-0.24,-0.1,0.04,0.16,0.27,0.37,0.46,0.54,0.61,0.67,0.72,0.77,0.82,0.86,0.89,0.92,0.95,0.98,1,1.02,1.04,1.06,1.08,1.09,1.11,1.12
"2018-07-30",-0.69,-0.68,-0.6,-0.48,-0.34,-0.19,-0.05,0.09,0.21,0.32,0.42,0.51,0.59,0.66,0.72,0.77,0.82,0.86,0.9,0.93,0.96,0.99,1.01,1.04,1.06,1.07,1.09,1.11,1.12,1.13,1.14
"2018-08-06",-0.66,-0.66,-0.6,-0.49,-0.35,-0.21,-0.07,0.07,0.19,0.3,0.4,0.49,0.56,0.63,0.69,0.75,0.8,0.84,0.87,0.91,0.94,0.96,0.99,1.01,1.03,1.04,1.06,1.07,1.09,1.1,1.11
"2018-08-13",-0.67,-0.69,-0.65,-0.56,-0.43,-0.3,-0.16,-0.02,0.1,0.22,0.31,0.4,0.48,0.55,0.61,0.66,0.71,0.75,0.79,0.82,0.85,0.88,0.9,0.93,0.95,0.97,0.98,1,1.02,1.03,1.04
"2018-08-20",-0.68,-0.68,-0.65,-0.57,-0.44,-0.31,-0.16,-0.03,0.09,0.2,0.3,0.39,0.47,0.54,0.6,0.65,0.7,0.74,0.78,0.81,0.84,0.87,0.9,0.92,0.94,0.96,0.98,1,1.01,1.03,1.04
"2018-08-27",-0.66,-0.65,-0.6,-0.51,-0.38,-0.24,-0.1,0.03,0.16,0.26,0.36,0.45,0.52,0.59,0.65,0.7,0.75,0.79,0.83,0.87,0.9,0.93,0.95,0.97,1,1.02,1.03,1.05,1.07,1.08,1.1
"2018-09-03",-0.66,-0.66,-0.61,-0.52,-0.4,-0.26,-0.12,0.01,0.13,0.23,0.33,0.42,0.49,0.56,0.62,0.68,0.72,0.77,0.8,0.84,0.87,0.9,0.93,0.95,0.97,0.99,1.01,1.03,1.04,1.06,1.07
"2018-09-10",-0.63,-0.62,-0.56,-0.46,-0.33,-0.19,-0.05,0.08,0.2,0.31,0.41,0.5,0.58,0.64,0.7,0.76,0.81,0.85,0.89,0.92,0.96,0.99,1.01,1.04,1.06,1.08,1.1,1.11,1.13,1.15,1.16
"2018-09-17",-0.64,-0.62,-0.55,-0.44,-0.3,-0.15,-0.01,0.13,0.25,0.36,0.45,0.54,0.61,0.68,0.74,0.79,0.84,0.88,0.92,0.95,0.98,1.01,1.04,1.06,1.08,1.1,1.12,1.14,1.15,1.17,1.18
"2018-09-24",-0.66,-0.61,-0.54,-0.43,-0.28,-0.13,0.01,0.14,0.26,0.37,0.47,0.55,0.63,0.7,0.76,0.81,0.86,0.9,0.94,0.97,1,1.03,1.05,1.08,1.1,1.12,1.14,1.15,1.17,1.18,1.2
"2018-09-28",-0.64,-0.62,-0.54,-0.4,-0.25,-0.09,0.05,0.18,0.3,0.4,0.49,0.57,0.64,0.7,0.76,0.8,0.85,0.88,0.92,0.95,0.98,1,1.02,1.04,1.06,1.08,1.1,1.11,1.13,1.14,1.15
