"Index","X1.mo","X3.mo","X6.mo","X1.yr","X2.yr","X3.yr","X5.yr","X7.yr","X10.yr","X20.yr","X30.yr"
"2009-04-06",0.16,0.2,0.4,0.6,0.94,1.37,1.9,2.55,2.95,3.82,3.73
"2009-04-13",0.12,0.18,0.37,0.57,0.89,1.27,1.81,2.39,2.88,3.78,3.69
"2009-04-20",0.04,0.14,0.34,0.54,0.93,1.27,1.82,2.39,2.88,3.8,3.69
"2009-04-27",0.07,0.13,0.3,0.49,0.9,1.31,1.87,2.48,2.95,3.92,3.84
"2009-05-04",0.14,0.19,0.33,0.52,0.94,1.4,2.03,2.7,3.19,4.11,4.06
"2009-05-11",0.16,0.19,0.3,0.53,0.92,1.34,2.04,2.67,3.17,4.15,4.18
"2009-05-18",0.12,0.19,0.3,0.5,0.93,1.36,2.09,2.73,3.22,4.16,4.18
"2009-05-22",0.13,0.18,0.3,0.49,0.92,1.39,2.23,2.96,3.45,4.36,4.38
"2009-06-01",0.13,0.13,0.29,0.48,0.97,1.52,2.55,3.28,3.71,4.56,4.55
"2009-06-08",0.08,0.19,0.35,0.62,1.42,2,2.95,3.6,3.91,4.66,4.65
"2009-06-15",0.08,0.17,0.29,0.51,1.26,1.84,2.75,3.39,3.76,4.58,4.61
"2009-06-22",0.12,0.2,0.34,0.5,1.17,1.77,2.75,3.37,3.72,4.45,4.45
"2009-06-29",0.11,0.2,0.36,0.51,1.11,1.63,2.53,3.18,3.51,4.29,4.31
"2009-07-06",0.15,0.19,0.28,0.48,0.96,1.48,2.4,3.12,3.52,4.29,4.35
"2009-07-13",0.15,0.18,0.28,0.47,0.92,1.41,2.27,2.94,3.38,4.21,4.25
"2009-07-20",0.15,0.19,0.28,0.47,0.99,1.54,2.46,3.14,3.61,4.45,4.47
"2009-07-27",0.15,0.19,0.27,0.49,1.08,1.63,2.63,3.31,3.75,4.6,4.62
"2009-08-03",0.15,0.19,0.28,0.48,1.18,1.72,2.66,3.3,3.66,4.4,4.42
"2009-08-10",0.15,0.19,0.29,0.49,1.24,1.79,2.75,3.4,3.8,4.49,4.52
"2009-08-17",0.11,0.18,0.27,0.45,1.04,1.54,2.43,3.09,3.48,4.26,4.33
"2009-08-24",0.11,0.17,0.26,0.44,1.05,1.57,2.5,3.13,3.48,4.22,4.27
"2009-08-31",0.11,0.15,0.24,0.43,0.97,1.49,2.39,3.03,3.4,4.14,4.18
"2009-09-04",0.09,0.14,0.23,0.42,0.94,1.46,2.36,3.06,3.45,4.21,4.27
"2009-09-14",0.08,0.14,0.21,0.4,0.94,1.46,2.37,3.01,3.42,4.16,4.22
"2009-09-21",0.05,0.11,0.2,0.4,1.02,1.56,2.47,3.11,3.49,4.2,4.23
"2009-09-28",0.03,0.11,0.18,0.4,0.98,1.47,2.33,2.95,3.31,4.02,4.04
"2009-10-05",0.04,0.08,0.15,0.36,0.88,1.38,2.21,2.82,3.24,3.98,4.01
"2009-10-09",0.04,0.07,0.16,0.38,0.98,1.5,2.36,2.98,3.4,4.2,4.22
"2009-10-19",0.06,0.08,0.18,0.38,0.99,1.5,2.36,2.98,3.41,4.19,4.21
"2009-10-26",0.04,0.08,0.18,0.41,1.06,1.61,2.53,3.17,3.59,4.35,4.37
"2009-11-02",0.03,0.06,0.17,0.38,0.92,1.44,2.33,3,3.45,4.22,4.26
"2009-11-09",0.06,0.07,0.17,0.34,0.87,1.4,2.31,3.01,3.52,4.34,4.4
"2009-11-16",0.05,0.07,0.17,0.31,0.78,1.28,2.19,2.87,3.33,4.18,4.26
"2009-11-23",0.05,0.05,0.14,0.29,0.77,1.28,2.2,2.9,3.37,4.2,4.29
"2009-11-30",0.08,0.06,0.15,0.27,0.67,1.12,2.01,2.69,3.21,4.07,4.2
"2009-12-07",0.07,0.04,0.16,0.32,0.78,1.26,2.19,2.92,3.44,4.29,4.4
"2009-12-14",0.02,0.04,0.16,0.37,0.87,1.35,2.3,3.04,3.56,4.39,4.49
"2009-12-21",0.01,0.08,0.17,0.4,0.89,1.42,2.43,3.18,3.69,4.47,4.56
"2009-12-28",0.03,0.11,0.2,0.47,1.09,1.63,2.62,3.34,3.85,4.61,4.69
"2010-01-04",0.05,0.08,0.18,0.45,1.09,1.66,2.65,3.36,3.85,4.6,4.65
"2010-01-11",0.01,0.04,0.13,0.35,0.95,1.55,2.58,3.32,3.85,4.64,4.74
"2010-01-15",0.03,0.06,0.15,0.33,0.89,1.44,2.44,3.17,3.7,4.48,4.58
"2010-01-25",0.02,0.06,0.14,0.3,0.86,1.4,2.39,3.12,3.66,4.42,4.55
"2010-02-01",0.05,0.1,0.17,0.33,0.86,1.41,2.38,3.12,3.68,4.43,4.56
"2010-02-08",0.04,0.12,0.17,0.32,0.79,1.3,2.26,3.03,3.62,4.38,4.52
"2010-02-12",0.04,0.1,0.18,0.35,0.84,1.38,2.35,3.11,3.69,4.52,4.66
"2010-02-22",0.06,0.11,0.19,0.37,0.91,1.48,2.47,3.25,3.8,4.6,4.73
"2010-03-01",0.09,0.13,0.19,0.32,0.8,1.34,2.28,3.04,3.61,4.41,4.56
"2010-03-08",0.11,0.16,0.21,0.39,0.9,1.43,2.36,3.13,3.72,4.52,4.68
"2010-03-15",0.12,0.17,0.24,0.4,0.96,1.49,2.42,3.15,3.71,4.48,4.63
"2010-03-22",0.13,0.15,0.24,0.41,1.01,1.54,2.43,3.12,3.67,4.41,4.57
"2010-03-29",0.11,0.15,0.24,0.42,1.04,1.65,2.6,3.32,3.88,4.61,4.76
"2010-04-05",0.16,0.18,0.27,0.48,1.18,1.77,2.75,3.46,4.01,4.69,4.85
"2010-04-12",0.15,0.16,0.24,0.46,1.07,1.65,2.6,3.29,3.87,4.54,4.7
"2010-04-19",0.15,0.16,0.23,0.43,1.01,1.59,2.54,3.25,3.83,4.54,4.7
"2010-04-26",0.14,0.16,0.25,0.47,1.09,1.67,2.6,3.28,3.83,4.5,4.67
"2010-05-03",0.14,0.17,0.25,0.43,1,1.56,2.47,3.16,3.72,4.37,4.53
"2010-05-10",0.13,0.16,0.22,0.39,0.87,1.4,2.27,2.98,3.57,4.23,4.41
"2010-05-17",0.16,0.16,0.23,0.36,0.81,1.3,2.2,2.9,3.47,4.17,4.35
"2010-05-24",0.16,0.17,0.23,0.35,0.77,1.21,2.04,2.69,3.23,3.96,4.12
"2010-05-28",0.15,0.16,0.22,0.34,0.76,1.26,2.1,2.75,3.31,4.05,4.22
"2010-06-07",0.1,0.12,0.21,0.35,0.74,1.17,1.95,2.62,3.17,3.93,4.11
"2010-06-14",0.02,0.07,0.15,0.31,0.77,1.23,2.07,2.73,3.28,4.02,4.2
"2010-06-21",0.05,0.12,0.17,0.29,0.74,1.21,2.05,2.72,3.26,3.99,4.17
"2010-06-28",0.07,0.17,0.22,0.3,0.62,1.03,1.83,2.49,3.05,3.82,4.01
"2010-07-02",0.16,0.17,0.22,0.31,0.63,1.04,1.82,2.46,3,3.77,3.94
"2010-07-12",0.16,0.16,0.2,0.3,0.65,1.06,1.85,2.51,3.08,3.86,4.05
"2010-07-19",0.15,0.17,0.2,0.28,0.61,0.95,1.73,2.4,2.99,3.78,3.99
"2010-07-26",0.15,0.16,0.2,0.29,0.62,0.97,1.76,2.45,3.03,3.82,4.03
"2010-08-02",0.14,0.16,0.2,0.28,0.56,0.85,1.64,2.35,2.99,3.82,4.06
"2010-08-09",0.14,0.15,0.19,0.26,0.54,0.81,1.54,2.21,2.86,3.73,4.01
"2010-08-16",0.15,0.16,0.19,0.25,0.51,0.76,1.4,2,2.58,3.42,3.72
"2010-08-23",0.15,0.16,0.19,0.25,0.49,0.76,1.43,2.04,2.6,3.37,3.65
"2010-08-30",0.16,0.14,0.19,0.26,0.5,0.75,1.39,1.98,2.54,3.3,3.6
"2010-09-03",0.15,0.14,0.19,0.25,0.52,0.81,1.49,2.14,2.72,3.49,3.79
"2010-09-13",0.1,0.15,0.19,0.26,0.53,0.82,1.51,2.15,2.74,3.52,3.83
"2010-09-20",0.12,0.17,0.2,0.26,0.47,0.73,1.43,2.1,2.72,3.57,3.87
"2010-09-27",0.08,0.16,0.19,0.26,0.44,0.66,1.31,1.92,2.54,3.4,3.7
"2010-10-04",0.15,0.13,0.19,0.26,0.41,0.62,1.23,1.86,2.5,3.39,3.71
"2010-10-08",0.14,0.12,0.16,0.21,0.35,0.54,1.11,1.75,2.41,3.39,3.75
"2010-10-18",0.14,0.15,0.18,0.23,0.38,0.55,1.14,1.81,2.52,3.57,3.93
"2010-10-25",0.13,0.14,0.18,0.23,0.37,0.55,1.2,1.89,2.59,3.56,3.91
"2010-11-01",0.14,0.13,0.16,0.22,0.34,0.5,1.17,1.9,2.66,3.66,4.01
"2010-11-08",0.12,0.13,0.16,0.22,0.41,0.59,1.13,1.78,2.6,3.7,4.12
"2010-11-15",0.12,0.14,0.19,0.29,0.53,0.81,1.51,2.16,2.92,4.01,4.38
"2010-11-22",0.12,0.15,0.2,0.26,0.49,0.72,1.44,2.11,2.8,3.85,4.2
"2010-11-29",0.16,0.18,0.21,0.28,0.52,0.77,1.51,2.19,2.84,3.83,4.16
"2010-12-06",0.14,0.15,0.19,0.26,0.42,0.73,1.53,2.26,2.95,3.94,4.25
"2010-12-13",0.1,0.15,0.19,0.29,0.61,0.98,1.91,2.64,3.29,4.15,4.39
"2010-12-20",0.04,0.14,0.19,0.3,0.62,1.01,1.99,2.72,3.36,4.21,4.44
"2010-12-27",0.06,0.17,0.22,0.32,0.71,1.11,2.08,2.76,3.36,4.2,4.42
"2011-01-03",0.11,0.15,0.19,0.29,0.61,1.03,2.02,2.74,3.36,4.18,4.39
"2011-01-10",0.14,0.15,0.18,0.29,0.59,0.99,1.93,2.65,3.32,4.23,4.47
"2011-01-14",0.14,0.15,0.18,0.27,0.59,1,1.95,2.66,3.35,4.27,4.53
"2011-01-24",0.15,0.16,0.18,0.28,0.65,1.05,2.03,2.76,3.43,4.31,4.55
"2011-01-31",0.15,0.15,0.17,0.26,0.58,0.98,1.95,2.71,3.42,4.33,4.58
"2011-02-07",0.13,0.16,0.18,0.31,0.78,1.28,2.29,3.03,3.68,4.5,4.71
"2011-02-14",0.09,0.13,0.17,0.3,0.87,1.41,2.37,3.04,3.62,4.46,4.67
"2011-02-18",0.08,0.1,0.15,0.28,0.78,1.32,2.3,2.99,3.59,4.46,4.7
"2011-02-28",0.13,0.15,0.18,0.25,0.69,1.18,2.13,2.82,3.42,4.25,4.49
"2011-03-07",0.1,0.11,0.16,0.25,0.7,1.22,2.19,2.9,3.51,4.36,4.61
"2011-03-14",0.05,0.09,0.14,0.22,0.61,1.07,2,2.7,3.36,4.25,4.52
"2011-03-21",0.06,0.1,0.16,0.25,0.67,1.12,2.04,2.72,3.34,4.2,4.45
"2011-03-28",0.04,0.11,0.18,0.3,0.81,1.29,2.23,2.89,3.47,4.28,4.51
"2011-04-04",0.02,0.06,0.13,0.24,0.77,1.24,2.2,2.86,3.45,4.27,4.49
"2011-04-11",0.02,0.05,0.12,0.26,0.85,1.35,2.31,2.98,3.59,4.42,4.64
"2011-04-18",0.03,0.07,0.11,0.24,0.69,1.14,2.09,2.77,3.4,4.22,4.45
"2011-04-25",0.03,0.07,0.12,0.23,0.67,1.13,2.1,2.76,3.39,4.22,4.46
"2011-05-02",0.02,0.05,0.1,0.22,0.61,1.01,1.96,2.66,3.31,4.14,4.38
"2011-05-09",0.01,0.03,0.07,0.17,0.57,0.94,1.84,2.51,3.17,4.03,4.3
"2011-05-16",0.02,0.04,0.07,0.18,0.54,0.93,1.83,2.5,3.15,3.99,4.28
"2011-05-23",0.03,0.06,0.1,0.2,0.55,0.91,1.8,2.47,3.13,3.97,4.27
"2011-05-27",0.04,0.05,0.11,0.18,0.48,0.81,1.71,2.39,3.07,3.94,4.24
"2011-06-06",0.03,0.05,0.1,0.18,0.43,0.74,1.6,2.29,3.01,3.92,4.25
"2011-06-13",0.02,0.05,0.11,0.18,0.4,0.72,1.59,2.3,3,3.89,4.2
"2011-06-20",0.02,0.03,0.1,0.18,0.38,0.68,1.55,2.25,2.97,3.87,4.19
"2011-06-27",0.01,0.02,0.1,0.18,0.41,0.64,1.47,2.19,2.95,3.94,4.28
"2011-07-01",0.01,0.02,0.1,0.2,0.5,0.85,1.8,2.54,3.22,4.12,4.4
"2011-07-11",0.02,0.03,0.07,0.17,0.37,0.64,1.49,2.22,2.94,3.88,4.2
"2011-07-18",0.01,0.02,0.06,0.15,0.37,0.62,1.45,2.18,2.94,3.95,4.29
"2011-07-25",0.05,0.05,0.1,0.2,0.42,0.69,1.55,2.29,3.03,3.98,4.31
"2011-08-01",0.13,0.1,0.16,0.22,0.38,0.55,1.32,2.05,2.77,3.72,4.07
"2011-08-08",0.02,0.05,0.07,0.12,0.27,0.45,1.11,1.75,2.4,3.31,3.68
"2011-08-15",0,0.02,0.08,0.12,0.19,0.34,0.99,1.6,2.29,3.29,3.75
"2011-08-22",0.01,0.01,0.04,0.09,0.22,0.37,0.94,1.47,2.1,3,3.42
"2011-08-29",0,0.02,0.05,0.09,0.2,0.35,0.99,1.6,2.28,3.22,3.63
"2011-09-02",0.02,0.02,0.05,0.1,0.2,0.33,0.88,1.41,2.02,2.92,3.32
"2011-09-12",0.01,0.01,0.05,0.11,0.21,0.35,0.87,1.38,1.94,2.84,3.24
"2011-09-19",0,0.01,0.04,0.08,0.16,0.29,0.85,1.4,1.97,2.84,3.22
"2011-09-26",0,0.02,0.03,0.1,0.25,0.39,0.92,1.41,1.91,2.69,2.99
"2011-10-03",0.01,0.02,0.06,0.12,0.24,0.39,0.87,1.33,1.8,2.51,2.76
"2011-10-07",0.01,0.01,0.04,0.11,0.3,0.5,1.08,1.61,2.1,2.78,3.02
"2011-10-17",0.02,0.04,0.06,0.12,0.28,0.48,1.08,1.65,2.18,2.88,3.13
"2011-10-24",0.01,0.02,0.06,0.11,0.3,0.47,1.1,1.7,2.25,3,3.27
"2011-10-31",0.02,0.01,0.06,0.12,0.25,0.41,0.99,1.58,2.17,2.89,3.16
"2011-11-07",0.01,0.01,0.04,0.09,0.25,0.38,0.88,1.44,2.04,2.77,3.05
"2011-11-14",0.01,0.01,0.04,0.09,0.24,0.39,0.91,1.46,2.04,2.77,3.09
"2011-11-21",0.02,0.02,0.05,0.11,0.27,0.41,0.92,1.45,1.97,2.65,2.96
"2011-11-28",0.02,0.03,0.07,0.13,0.26,0.39,0.91,1.44,1.97,2.63,2.93
"2011-12-05",0.01,0.01,0.05,0.11,0.27,0.4,0.93,1.49,2.04,2.73,3.02
"2011-12-12",0,0.01,0.05,0.1,0.24,0.36,0.87,1.45,2.03,2.75,3.06
"2011-12-19",0,0.01,0.04,0.11,0.24,0.36,0.82,1.3,1.82,2.48,2.79
"2011-12-23",0,0.01,0.04,0.12,0.28,0.45,0.97,1.49,2.03,2.73,3.05
"2011-12-30",0.01,0.02,0.06,0.12,0.25,0.36,0.83,1.35,1.89,2.57,2.89
"2012-01-09",0.01,0.01,0.05,0.11,0.26,0.38,0.85,1.39,1.98,2.7,3.02
"2012-01-13",0.02,0.03,0.06,0.1,0.24,0.34,0.8,1.32,1.89,2.59,2.91
"2012-01-23",0.03,0.04,0.07,0.12,0.26,0.39,0.93,1.51,2.09,2.82,3.15
"2012-01-30",0.05,0.05,0.08,0.12,0.22,0.31,0.73,1.27,1.87,2.64,2.99
"2012-02-06",0.04,0.08,0.1,0.14,0.24,0.32,0.76,1.32,1.93,2.71,3.08
"2012-02-13",0.06,0.11,0.14,0.15,0.29,0.4,0.85,1.4,1.99,2.78,3.14
"2012-02-17",0.03,0.09,0.13,0.18,0.29,0.42,0.88,1.43,2.01,2.8,3.16
"2012-02-27",0.08,0.12,0.14,0.17,0.3,0.4,0.84,1.35,1.92,2.69,3.04
"2012-03-05",0.07,0.08,0.14,0.17,0.31,0.43,0.87,1.4,2,2.78,3.13
"2012-03-12",0.05,0.09,0.15,0.18,0.33,0.47,0.92,1.43,2.04,2.82,3.17
"2012-03-19",0.07,0.1,0.15,0.21,0.39,0.6,1.2,1.77,2.39,3.14,3.48
"2012-03-26",0.06,0.09,0.15,0.19,0.36,0.54,1.09,1.65,2.26,3,3.33
"2012-04-02",0.05,0.08,0.14,0.18,0.33,0.5,1.03,1.6,2.22,3,3.35
"2012-04-09",0.07,0.09,0.15,0.19,0.32,0.46,0.9,1.42,2.06,2.82,3.18
"2012-04-16",0.07,0.08,0.14,0.18,0.27,0.42,0.85,1.37,2,2.75,3.12
"2012-04-23",0.04,0.08,0.13,0.17,0.27,0.39,0.83,1.34,1.96,2.71,3.08
"2012-04-30",0.07,0.1,0.15,0.2,0.27,0.38,0.82,1.33,1.95,2.73,3.12
"2012-05-07",0.06,0.1,0.15,0.18,0.27,0.37,0.79,1.29,1.92,2.67,3.07
"2012-05-14",0.07,0.1,0.15,0.19,0.29,0.37,0.73,1.2,1.78,2.53,2.95
"2012-05-21",0.06,0.09,0.14,0.21,0.3,0.41,0.75,1.18,1.75,2.42,2.8
"2012-05-25",0.07,0.09,0.14,0.2,0.3,0.41,0.76,1.17,1.75,2.44,2.85
"2012-06-04",0.04,0.08,0.13,0.18,0.25,0.35,0.68,1.01,1.53,2.17,2.56
"2012-06-11",0.05,0.09,0.15,0.18,0.27,0.37,0.69,1.05,1.6,2.3,2.71
"2012-06-18",0.06,0.1,0.15,0.18,0.29,0.38,0.69,1.06,1.59,2.28,2.67
"2012-06-25",0.06,0.1,0.16,0.19,0.31,0.39,0.72,1.1,1.63,2.31,2.69
"2012-07-02",0.06,0.1,0.15,0.21,0.3,0.39,0.67,1.04,1.61,2.3,2.69
"2012-07-09",0.06,0.09,0.14,0.2,0.27,0.36,0.63,0.98,1.53,2.24,2.62
"2012-07-16",0.04,0.1,0.14,0.18,0.24,0.31,0.6,0.97,1.5,2.18,2.56
"2012-07-23",0.07,0.1,0.14,0.17,0.22,0.28,0.57,0.93,1.47,2.15,2.52
"2012-07-30",0.06,0.11,0.15,0.18,0.23,0.31,0.61,0.99,1.53,2.22,2.58
"2012-08-06",0.05,0.1,0.14,0.16,0.24,0.33,0.65,1.05,1.59,2.29,2.65
"2012-08-13",0.1,0.11,0.15,0.19,0.27,0.36,0.71,1.12,1.65,2.37,2.74
"2012-08-20",0.09,0.11,0.14,0.19,0.29,0.41,0.8,1.26,1.82,2.55,2.93
"2012-08-27",0.1,0.11,0.14,0.18,0.28,0.37,0.7,1.11,1.65,2.38,2.76
"2012-08-31",0.09,0.09,0.14,0.16,0.22,0.3,0.59,1.01,1.57,2.29,2.68
"2012-09-10",0.09,0.1,0.14,0.18,0.25,0.33,0.66,1.1,1.68,2.43,2.83
"2012-09-17",0.06,0.11,0.13,0.18,0.25,0.36,0.73,1.22,1.85,2.64,3.03
"2012-09-24",0.03,0.11,0.14,0.18,0.27,0.35,0.68,1.12,1.74,2.53,2.91
"2012-10-01",0.05,0.09,0.14,0.17,0.25,0.31,0.62,1.04,1.64,2.41,2.81
"2012-10-05",0.1,0.11,0.15,0.18,0.27,0.34,0.67,1.12,1.75,2.55,2.96
"2012-10-15",0.1,0.11,0.15,0.19,0.27,0.34,0.67,1.09,1.7,2.45,2.85
"2012-10-22",0.1,0.1,0.15,0.19,0.32,0.42,0.79,1.25,1.83,2.57,2.95
"2012-10-29",0.13,0.14,0.16,0.18,0.3,0.4,0.74,1.16,1.74,2.48,2.87
"2012-11-05",0.09,0.11,0.15,0.19,0.28,0.38,0.7,1.13,1.72,2.47,2.88
"2012-11-09",0.13,0.09,0.15,0.18,0.27,0.35,0.65,1.04,1.61,2.34,2.75
"2012-11-19",0.06,0.09,0.14,0.16,0.25,0.33,0.64,1.04,1.61,2.34,2.76
"2012-11-26",0.14,0.1,0.15,0.17,0.27,0.36,0.68,1.09,1.66,2.39,2.8
"2012-12-03",0.13,0.1,0.14,0.18,0.25,0.34,0.63,1.05,1.63,2.37,2.8
"2012-12-10",0.05,0.09,0.14,0.18,0.24,0.33,0.62,1.04,1.63,2.38,2.8
"2012-12-17",0.01,0.05,0.1,0.13,0.25,0.37,0.74,1.2,1.78,2.53,2.94
"2012-12-24",0.03,0.06,0.11,0.16,0.26,0.38,0.77,1.22,1.79,2.53,2.94
"2012-12-31",0.02,0.05,0.11,0.16,0.25,0.36,0.72,1.18,1.78,2.54,2.95
"2013-01-07",0.05,0.07,0.11,0.15,0.27,0.41,0.82,1.31,1.92,2.7,3.1
"2013-01-14",0.05,0.08,0.11,0.14,0.26,0.37,0.78,1.27,1.89,2.65,3.05
"2013-01-18",0.04,0.08,0.1,0.14,0.26,0.38,0.77,1.26,1.87,2.63,3.03
"2013-01-28",0.03,0.07,0.11,0.16,0.29,0.45,0.89,1.38,2,2.76,3.15
"2013-02-04",0.03,0.07,0.11,0.15,0.25,0.38,0.85,1.36,2,2.79,3.17
"2013-02-11",0.05,0.09,0.12,0.15,0.27,0.4,0.85,1.35,1.99,2.78,3.16
"2013-02-15",0.09,0.1,0.13,0.17,0.29,0.42,0.87,1.38,2.01,2.8,3.18
"2013-02-25",0.09,0.12,0.14,0.16,0.25,0.37,0.78,1.25,1.88,2.69,3.08
"2013-03-04",0.07,0.11,0.12,0.16,0.24,0.35,0.76,1.25,1.88,2.7,3.08
"2013-03-11",0.09,0.1,0.12,0.15,0.27,0.43,0.9,1.43,2.07,2.89,3.26
"2013-03-18",0.07,0.07,0.11,0.15,0.26,0.38,0.81,1.31,1.96,2.79,3.18
"2013-03-25",0.06,0.08,0.11,0.14,0.24,0.38,0.8,1.28,1.93,2.76,3.14
"2013-04-01",0.06,0.08,0.11,0.14,0.23,0.36,0.76,1.23,1.86,2.7,3.08
"2013-04-08",0.05,0.07,0.1,0.13,0.24,0.34,0.71,1.15,1.76,2.54,2.91
"2013-04-15",0.04,0.06,0.09,0.12,0.22,0.32,0.69,1.12,1.72,2.5,2.88
"2013-04-22",0.04,0.05,0.09,0.12,0.24,0.35,0.7,1.13,1.72,2.5,2.88
"2013-04-29",0.03,0.05,0.08,0.12,0.2,0.32,0.68,1.1,1.7,2.49,2.88
"2013-05-06",0.01,0.04,0.08,0.11,0.22,0.34,0.74,1.19,1.8,2.6,2.98
"2013-05-13",0.02,0.05,0.08,0.13,0.24,0.4,0.83,1.3,1.92,2.73,3.13
"2013-05-20",0.01,0.05,0.09,0.12,0.26,0.4,0.85,1.33,1.97,2.79,3.18
"2013-05-24",0.03,0.04,0.07,0.12,0.26,0.41,0.9,1.39,2.01,2.8,3.18
"2013-06-03",0.03,0.05,0.08,0.14,0.3,0.5,1.03,1.53,2.13,2.92,3.27
"2013-06-10",0.04,0.05,0.08,0.14,0.32,0.55,1.13,1.62,2.22,3.03,3.36
"2013-06-17",0.05,0.05,0.08,0.13,0.27,0.49,1.06,1.57,2.19,3.01,3.35
"2013-06-24",0.01,0.06,0.11,0.16,0.42,0.73,1.48,2.02,2.57,3.27,3.56
"2013-07-01",0.01,0.04,0.09,0.15,0.34,0.65,1.39,1.93,2.5,3.19,3.48
"2013-07-08",0.02,0.05,0.07,0.14,0.37,0.71,1.51,2.11,2.65,3.35,3.63
"2013-07-15",0.02,0.04,0.07,0.11,0.34,0.66,1.4,1.97,2.57,3.3,3.61
"2013-07-22",0.01,0.04,0.07,0.1,0.32,0.59,1.32,1.9,2.5,3.25,3.55
"2013-07-29",0.01,0.03,0.07,0.11,0.33,0.61,1.37,2,2.61,3.35,3.66
"2013-08-05",0.03,0.05,0.08,0.12,0.32,0.61,1.39,2.04,2.67,3.42,3.73
"2013-08-12",0.05,0.06,0.08,0.12,0.32,0.62,1.39,2.01,2.61,3.39,3.67
"2013-08-19",0.03,0.06,0.08,0.13,0.36,0.76,1.63,2.29,2.88,3.64,3.89
"2013-08-26",0.03,0.04,0.07,0.13,0.41,0.79,1.61,2.23,2.79,3.52,3.77
"2013-08-30",0.02,0.03,0.05,0.13,0.39,0.79,1.62,2.24,2.78,3.46,3.7
"2013-09-09",0.02,0.02,0.04,0.12,0.45,0.87,1.71,2.34,2.9,3.6,3.84
"2013-09-16",0.01,0.02,0.04,0.13,0.41,0.8,1.65,2.27,2.88,3.61,3.87
"2013-09-23",0.01,0.02,0.05,0.1,0.35,0.68,1.48,2.1,2.72,3.46,3.73
"2013-09-30",0.03,0.02,0.04,0.1,0.33,0.63,1.39,2.02,2.64,3.41,3.69
"2013-10-07",0.13,0.03,0.06,0.12,0.37,0.66,1.41,2.03,2.65,3.41,3.7
"2013-10-11",0.25,0.08,0.07,0.14,0.35,0.66,1.42,2.07,2.7,3.45,3.74
"2013-10-21",0.02,0.04,0.07,0.11,0.33,0.63,1.38,2.01,2.63,3.39,3.68
"2013-10-28",0.02,0.04,0.08,0.11,0.32,0.59,1.31,1.91,2.54,3.31,3.61
"2013-11-04",0.02,0.05,0.09,0.09,0.32,0.6,1.36,2.01,2.63,3.4,3.7
"2013-11-08",0.04,0.06,0.09,0.12,0.32,0.62,1.42,2.12,2.77,3.55,3.84
"2013-11-18",0.05,0.09,0.1,0.13,0.31,0.56,1.33,2.02,2.67,3.46,3.76
"2013-11-25",0.04,0.08,0.11,0.14,0.3,0.57,1.37,2.08,2.74,3.53,3.83
"2013-12-02",0.02,0.05,0.1,0.13,0.3,0.59,1.43,2.16,2.81,3.58,3.86
"2013-12-09",0.04,0.07,0.1,0.13,0.3,0.64,1.5,2.23,2.86,3.61,3.88
"2013-12-16",0.02,0.07,0.09,0.13,0.34,0.68,1.55,2.26,2.89,3.63,3.9
"2013-12-23",0.01,0.07,0.09,0.14,0.38,0.77,1.68,2.37,2.94,3.6,3.85
"2013-12-30",0.01,0.07,0.1,0.13,0.39,0.77,1.71,2.4,2.99,3.66,3.9
"2014-01-06",0.01,0.05,0.08,0.12,0.4,0.78,1.7,2.38,2.98,3.66,3.9
"2014-01-13",0,0.03,0.06,0.11,0.39,0.74,1.6,2.25,2.84,3.52,3.77
"2014-01-17",0.01,0.05,0.07,0.11,0.4,0.79,1.64,2.27,2.84,3.5,3.75
"2014-01-27",0.04,0.05,0.07,0.11,0.37,0.76,1.61,2.24,2.78,3.43,3.67
"2014-02-03",0.04,0.05,0.07,0.11,0.3,0.64,1.44,2.07,2.61,3.29,3.55
"2014-02-10",0.07,0.07,0.1,0.12,0.32,0.66,1.48,2.13,2.7,3.38,3.66
"2014-02-14",0.01,0.02,0.07,0.11,0.32,0.71,1.53,2.17,2.75,3.41,3.69
"2014-02-24",0.02,0.05,0.08,0.11,0.35,0.72,1.57,2.2,2.75,3.42,3.7
"2014-03-03",0.04,0.05,0.08,0.12,0.32,0.66,1.46,2.07,2.6,3.27,3.55
"2014-03-10",0.05,0.05,0.08,0.12,0.37,0.79,1.64,2.26,2.79,3.45,3.73
"2014-03-17",0.05,0.06,0.08,0.13,0.38,0.77,1.58,2.19,2.7,3.34,3.63
"2014-03-24",0.05,0.06,0.08,0.14,0.47,0.93,1.76,2.31,2.74,3.31,3.57
"2014-03-31",0.03,0.05,0.07,0.13,0.44,0.9,1.73,2.3,2.73,3.31,3.56
"2014-04-07",0.03,0.03,0.06,0.11,0.41,0.87,1.68,2.27,2.71,3.3,3.56
"2014-04-14",0.03,0.04,0.06,0.1,0.37,0.82,1.61,2.18,2.65,3.23,3.48
"2014-04-21",0.02,0.04,0.06,0.11,0.42,0.91,1.74,2.31,2.73,3.27,3.52
"2014-04-28",0,0.03,0.05,0.1,0.44,0.9,1.73,2.29,2.7,3.23,3.47
"2014-05-05",0.01,0.03,0.05,0.11,0.43,0.9,1.68,2.22,2.63,3.16,3.41
"2014-05-12",0.02,0.03,0.05,0.09,0.41,0.87,1.67,2.21,2.66,3.21,3.49
"2014-05-19",0.01,0.03,0.05,0.09,0.36,0.79,1.56,2.09,2.54,3.11,3.39
"2014-05-23",0.04,0.04,0.05,0.1,0.37,0.79,1.55,2.09,2.54,3.12,3.4
"2014-06-02",0.04,0.04,0.06,0.1,0.39,0.83,1.6,2.12,2.54,3.1,3.38
"2014-06-09",0.03,0.04,0.06,0.11,0.43,0.88,1.69,2.22,2.62,3.18,3.45
"2014-06-16",0.03,0.04,0.07,0.11,0.49,0.95,1.71,2.21,2.61,3.14,3.4
"2014-06-23",0.02,0.03,0.06,0.1,0.48,0.96,1.72,2.23,2.63,3.18,3.45
"2014-06-30",0.02,0.04,0.07,0.11,0.47,0.88,1.62,2.13,2.53,3.08,3.34
"2014-07-07",0.02,0.04,0.06,0.12,0.52,1,1.74,2.24,2.63,3.17,3.44
"2014-07-14",0.02,0.03,0.06,0.11,0.48,0.95,1.68,2.17,2.55,3.1,3.36
"2014-07-21",0.02,0.03,0.06,0.11,0.51,0.99,1.7,2.14,2.49,3.01,3.26
"2014-07-28",0.03,0.04,0.06,0.11,0.54,1.01,1.73,2.17,2.5,3.01,3.26
"2014-08-04",0.02,0.04,0.06,0.12,0.47,0.93,1.66,2.15,2.51,3.04,3.3
"2014-08-11",0.03,0.04,0.05,0.1,0.47,0.93,1.62,2.09,2.44,2.97,3.24
"2014-08-18",0.02,0.03,0.05,0.1,0.44,0.89,1.58,2.04,2.39,2.92,3.2
"2014-08-25",0.02,0.04,0.05,0.11,0.53,0.99,1.69,2.09,2.39,2.88,3.13
"2014-08-29",0.02,0.03,0.05,0.09,0.48,0.94,1.63,2.05,2.35,2.83,3.09
"2014-09-08",0.01,0.02,0.05,0.1,0.54,1.02,1.72,2.16,2.48,2.97,3.23
"2014-09-15",0.01,0.02,0.05,0.11,0.58,1.06,1.8,2.26,2.6,3.09,3.34
"2014-09-22",0,0.01,0.04,0.1,0.58,1.06,1.8,2.26,2.57,3.04,3.28
"2014-09-29",0.01,0.02,0.05,0.11,0.58,1.06,1.77,2.21,2.5,2.95,3.18
"2014-10-06",0.01,0.02,0.05,0.11,0.54,1.02,1.7,2.13,2.43,2.88,3.12
"2014-10-10",0.02,0.01,0.04,0.1,0.45,0.89,1.55,1.99,2.31,2.77,3.03
"2014-10-20",0.03,0.02,0.06,0.1,0.37,0.76,1.41,1.85,2.2,2.68,2.96
"2014-10-27",0.03,0.02,0.06,0.11,0.41,0.81,1.51,1.94,2.27,2.75,3.04
"2014-11-03",0.03,0.02,0.07,0.12,0.52,0.96,1.63,2.05,2.36,2.8,3.07
"2014-11-10",0.04,0.02,0.07,0.13,0.55,1,1.65,2.07,2.38,2.81,3.09
"2014-11-17",0.02,0.03,0.07,0.15,0.54,0.96,1.64,2.04,2.34,2.79,3.06
"2014-11-24",0.04,0.02,0.08,0.14,0.53,0.95,1.62,2.02,2.3,2.74,3.01
"2014-12-01",0.01,0.03,0.08,0.13,0.49,0.9,1.52,1.93,2.22,2.66,2.95
"2014-12-08",0.03,0.03,0.1,0.18,0.64,1.1,1.67,2.02,2.26,2.62,2.9
"2014-12-15",0.02,0.04,0.11,0.22,0.6,1.03,1.58,1.9,2.12,2.45,2.74
"2014-12-22",0.01,0.05,0.16,0.28,0.71,1.13,1.67,1.98,2.17,2.47,2.75
"2014-12-29",0.01,0.03,0.12,0.25,0.72,1.14,1.72,2.02,2.22,2.51,2.78
"2015-01-05",0.02,0.03,0.1,0.26,0.68,1.06,1.57,1.85,2.04,2.32,2.6
"2015-01-12",0.02,0.03,0.09,0.19,0.56,0.91,1.39,1.69,1.92,2.23,2.49
"2015-01-16",0.02,0.03,0.07,0.17,0.49,0.8,1.29,1.6,1.83,2.17,2.44
"2015-01-26",0.02,0.03,0.08,0.18,0.54,0.89,1.36,1.64,1.83,2.14,2.4
"2015-02-02",0.01,0.02,0.07,0.17,0.49,0.78,1.19,1.49,1.68,2.07,2.25
"2015-02-09",0.02,0.01,0.08,0.24,0.65,1.04,1.49,1.78,1.96,2.28,2.52
"2015-02-13",0.02,0.01,0.07,0.23,0.66,1.03,1.53,1.84,2.02,2.39,2.63
"2015-02-23",0.01,0.02,0.08,0.22,0.64,1.03,1.56,1.88,2.06,2.44,2.66
"2015-03-02",0.02,0.02,0.08,0.22,0.66,1.06,1.57,1.89,2.08,2.46,2.68
"2015-03-09",0.01,0.02,0.1,0.27,0.7,1.13,1.66,1.99,2.2,2.58,2.8
"2015-03-16",0.02,0.05,0.15,0.26,0.66,1.06,1.57,1.9,2.1,2.45,2.67
"2015-03-23",0.02,0.03,0.11,0.24,0.6,0.93,1.41,1.71,1.92,2.29,2.51
"2015-03-30",0.02,0.04,0.14,0.27,0.58,0.93,1.41,1.74,1.96,2.32,2.55
"2015-04-06",0.02,0.03,0.1,0.21,0.51,0.83,1.31,1.67,1.92,2.31,2.57
"2015-04-13",0.02,0.03,0.11,0.23,0.54,0.89,1.38,1.71,1.94,2.33,2.58
"2015-04-20",0.03,0.03,0.1,0.24,0.55,0.86,1.33,1.65,1.9,2.31,2.56
"2015-04-27",0.01,0.02,0.1,0.25,0.54,0.87,1.36,1.69,1.94,2.36,2.61
"2015-05-04",0.01,0.02,0.08,0.25,0.6,0.96,1.51,1.9,2.16,2.62,2.88
"2015-05-11",0.02,0.02,0.09,0.25,0.62,1.02,1.59,2,2.28,2.76,3.03
"2015-05-18",0.01,0.02,0.08,0.22,0.58,0.95,1.54,1.95,2.23,2.75,3.02
"2015-05-22",0.01,0.02,0.08,0.23,0.64,1.01,1.57,1.96,2.21,2.73,2.99
"2015-06-01",0.02,0.02,0.07,0.26,0.64,0.99,1.55,1.93,2.19,2.69,2.94
"2015-06-08",0.01,0.02,0.09,0.27,0.7,1.09,1.72,2.13,2.39,2.86,3.11
"2015-06-15",0,0.02,0.11,0.28,0.72,1.1,1.71,2.11,2.36,2.83,3.09
"2015-06-22",0,0.01,0.08,0.27,0.68,1.06,1.68,2.1,2.37,2.87,3.16
"2015-06-29",0,0.02,0.11,0.27,0.64,1,1.62,2.05,2.33,2.82,3.09
"2015-07-06",0.01,0.02,0.09,0.26,0.6,0.95,1.56,2,2.3,2.78,3.08
"2015-07-13",0.02,0.02,0.1,0.28,0.69,1.06,1.71,2.14,2.44,2.92,3.21
"2015-07-20",0.03,0.04,0.14,0.31,0.71,1.09,1.72,2.11,2.38,2.79,3.1
"2015-07-27",0.04,0.05,0.15,0.32,0.68,1,1.58,1.96,2.23,2.64,2.93
"2015-08-03",0.03,0.08,0.17,0.33,0.68,0.99,1.52,1.89,2.16,2.55,2.86
"2015-08-10",0.03,0.12,0.24,0.4,0.73,1.09,1.62,1.98,2.24,2.58,2.89
"2015-08-17",0.03,0.1,0.24,0.4,0.72,1.07,1.58,1.92,2.16,2.51,2.81
"2015-08-24",0.02,0.06,0.2,0.33,0.59,0.9,1.39,1.75,2.01,2.42,2.73
"2015-08-31",0,0.08,0.27,0.39,0.74,1.07,1.54,1.94,2.21,2.64,2.95
"2015-09-04",0.02,0.02,0.23,0.36,0.71,1,1.47,1.85,2.13,2.58,2.89
"2015-09-14",0.02,0.07,0.26,0.4,0.73,1.03,1.51,1.88,2.18,2.62,2.95
"2015-09-21",0,0.01,0.11,0.36,0.72,1.01,1.51,1.9,2.2,2.67,3.02
"2015-09-28",0,0.01,0.1,0.34,0.67,0.97,1.42,1.8,2.1,2.51,2.87
"2015-10-05",0,0.01,0.06,0.26,0.61,0.89,1.35,1.74,2.07,2.52,2.9
"2015-10-09",0.01,0.01,0.07,0.28,0.65,0.96,1.41,1.8,2.12,2.55,2.94
"2015-10-19",0.06,0.02,0.12,0.23,0.61,0.89,1.35,1.73,2.04,2.48,2.89
"2015-10-26",0.01,0.02,0.16,0.25,0.66,0.94,1.41,1.78,2.07,2.5,2.87
"2015-11-02",0.01,0.08,0.27,0.37,0.77,1.08,1.57,1.93,2.2,2.6,2.95
"2015-11-09",0.06,0.14,0.34,0.47,0.89,1.27,1.75,2.11,2.36,2.79,3.12
"2015-11-16",0.05,0.15,0.33,0.5,0.88,1.18,1.66,2.02,2.27,2.72,3.07
"2015-11-23",0.06,0.14,0.35,0.5,0.94,1.26,1.7,2.03,2.25,2.66,3
"2015-11-30",0.11,0.22,0.42,0.51,0.94,1.24,1.65,1.99,2.21,2.63,2.98
"2015-12-07",0.21,0.29,0.57,0.67,0.94,1.24,1.67,2.02,2.23,2.59,2.95
"2015-12-14",0.13,0.26,0.54,0.68,0.97,1.25,1.66,2.02,2.23,2.59,2.96
"2015-12-21",0.14,0.24,0.51,0.64,0.96,1.28,1.67,2,2.2,2.55,2.92
"2015-12-28",0.13,0.23,0.51,0.66,1.05,1.33,1.73,2.05,2.24,2.59,2.95
"2016-01-04",0.17,0.22,0.49,0.61,1.02,1.31,1.73,2.06,2.24,2.64,2.98
"2016-01-11",0.19,0.21,0.48,0.63,0.94,1.2,1.58,1.94,2.17,2.59,2.96
"2016-01-15",0.19,0.24,0.37,0.49,0.85,1.08,1.46,1.79,2.03,2.44,2.81
"2016-01-25",0.25,0.31,0.42,0.47,0.88,1.1,1.47,1.79,2.03,2.42,2.8
"2016-02-01",0.19,0.35,0.47,0.47,0.81,1.01,1.38,1.72,1.97,2.38,2.77
"2016-02-08",0.21,0.32,0.42,0.51,0.66,0.83,1.16,1.48,1.75,2.17,2.56
"2016-02-12",0.26,0.3,0.39,0.51,0.71,0.89,1.2,1.5,1.74,2.15,2.6
"2016-02-22",0.28,0.33,0.46,0.55,0.78,0.92,1.25,1.54,1.77,2.18,2.62
"2016-02-29",0.23,0.33,0.49,0.62,0.78,0.91,1.22,1.52,1.74,2.19,2.61
"2016-03-07",0.27,0.32,0.49,0.67,0.91,1.08,1.42,1.72,1.91,2.3,2.71
"2016-03-14",0.28,0.34,0.52,0.7,0.97,1.15,1.49,1.78,1.97,2.33,2.74
"2016-03-21",0.26,0.31,0.46,0.63,0.87,1.05,1.38,1.7,1.92,2.31,2.72
"2016-03-28",0.19,0.29,0.49,0.65,0.89,1.04,1.37,1.68,1.89,2.26,2.66
"2016-04-04",0.18,0.23,0.38,0.59,0.75,0.88,1.22,1.53,1.78,2.19,2.6
"2016-04-11",0.19,0.23,0.34,0.53,0.7,0.85,1.16,1.48,1.73,2.14,2.56
"2016-04-18",0.16,0.22,0.35,0.52,0.75,0.9,1.24,1.54,1.78,2.17,2.58
"2016-04-25",0.17,0.25,0.4,0.57,0.85,1.01,1.38,1.69,1.91,2.32,2.72
"2016-05-02",0.11,0.22,0.41,0.55,0.8,0.96,1.32,1.64,1.88,2.31,2.71
"2016-05-09",0.21,0.24,0.38,0.51,0.72,0.86,1.2,1.51,1.77,2.18,2.61
"2016-05-16",0.21,0.28,0.38,0.57,0.79,0.94,1.26,1.55,1.75,2.18,2.59
"2016-05-23",0.26,0.35,0.48,0.69,0.91,1.05,1.38,1.65,1.84,2.23,2.63
"2016-05-27",0.23,0.32,0.47,0.68,0.9,1.06,1.39,1.67,1.85,2.25,2.65
"2016-06-06",0.19,0.28,0.43,0.6,0.8,0.94,1.25,1.53,1.73,2.12,2.55
"2016-06-13",0.23,0.27,0.4,0.55,0.73,0.84,1.14,1.42,1.62,2.01,2.43
"2016-06-20",0.23,0.28,0.41,0.56,0.74,0.87,1.17,1.45,1.67,2.03,2.47
"2016-06-27",0.22,0.27,0.35,0.45,0.61,0.7,1,1.26,1.46,1.83,2.28
"2016-07-01",0.24,0.28,0.37,0.45,0.59,0.71,1,1.27,1.46,1.81,2.24
"2016-07-11",0.28,0.31,0.4,0.5,0.66,0.77,1.03,1.27,1.43,1.73,2.14
"2016-07-18",0.26,0.32,0.44,0.52,0.68,0.85,1.14,1.4,1.59,1.9,2.3
"2016-07-25",0.28,0.32,0.44,0.55,0.72,0.87,1.15,1.41,1.58,1.9,2.29
"2016-08-01",0.2,0.29,0.4,0.5,0.67,0.78,1.06,1.33,1.51,1.84,2.24
"2016-08-08",0.27,0.31,0.45,0.57,0.74,0.86,1.15,1.42,1.59,1.91,2.3
"2016-08-15",0.26,0.31,0.46,0.56,0.72,0.85,1.14,1.4,1.55,1.9,2.27
"2016-08-22",0.24,0.29,0.45,0.58,0.76,0.86,1.15,1.4,1.55,1.88,2.24
"2016-08-29",0.25,0.33,0.49,0.62,0.81,0.92,1.18,1.43,1.57,1.9,2.22
"2016-09-02",0.25,0.33,0.45,0.59,0.8,0.92,1.2,1.47,1.6,1.95,2.28
"2016-09-12",0.24,0.37,0.53,0.57,0.79,0.92,1.21,1.5,1.68,2.05,2.4
"2016-09-19",0.16,0.3,0.48,0.6,0.79,0.92,1.22,1.52,1.7,2.1,2.45
"2016-09-26",0.12,0.25,0.42,0.58,0.76,0.87,1.13,1.41,1.59,2,2.32
"2016-10-03",0.25,0.32,0.48,0.63,0.8,0.91,1.18,1.46,1.63,2.01,2.34
"2016-10-07",0.26,0.33,0.46,0.66,0.83,0.99,1.26,1.55,1.73,2.14,2.46
"2016-10-17",0.24,0.34,0.47,0.65,0.81,0.98,1.26,1.56,1.77,2.19,2.52
"2016-10-24",0.23,0.33,0.46,0.66,0.84,1,1.27,1.56,1.77,2.18,2.52
"2016-10-31",0.2,0.34,0.51,0.66,0.86,1,1.31,1.62,1.84,2.25,2.58
"2016-11-07",0.28,0.41,0.54,0.63,0.82,0.99,1.29,1.6,1.83,2.26,2.6
"2016-11-14",0.32,0.55,0.65,0.77,1,1.27,1.66,2.01,2.23,2.65,2.99
"2016-11-21",0.28,0.46,0.6,0.78,1.08,1.36,1.79,2.13,2.33,2.69,3
"2016-11-28",0.32,0.48,0.6,0.79,1.11,1.38,1.8,2.13,2.32,2.68,2.99
"2016-12-05",0.34,0.49,0.63,0.82,1.13,1.42,1.84,2.19,2.39,2.76,3.05
"2016-12-12",0.42,0.51,0.64,0.85,1.15,1.44,1.9,2.26,2.49,2.86,3.16
"2016-12-19",0.45,0.52,0.65,0.9,1.24,1.55,2.03,2.35,2.54,2.85,3.12
"2016-12-23",0.42,0.52,0.65,0.87,1.22,1.54,2.04,2.35,2.55,2.86,3.12
"2016-12-30",0.44,0.51,0.62,0.85,1.2,1.47,1.93,2.25,2.45,2.79,3.06
"2017-01-09",0.5,0.5,0.6,0.82,1.21,1.47,1.89,2.18,2.38,2.69,2.97
"2017-01-13",0.52,0.53,0.61,0.82,1.21,1.48,1.9,2.2,2.4,2.71,2.99
"2017-01-23",0.46,0.51,0.59,0.79,1.16,1.43,1.88,2.19,2.41,2.72,2.99
"2017-01-30",0.49,0.51,0.63,0.81,1.22,1.48,1.94,2.28,2.49,2.82,3.08
"2017-02-06",0.48,0.53,0.62,0.79,1.16,1.43,1.86,2.19,2.42,2.76,3.05
"2017-02-13",0.5,0.52,0.63,0.82,1.2,1.48,1.92,2.24,2.43,2.77,3.03
"2017-02-17",0.5,0.53,0.66,0.82,1.21,1.48,1.92,2.23,2.42,2.78,3.03
"2017-02-27",0.44,0.5,0.68,0.81,1.2,1.46,1.87,2.18,2.36,2.72,2.98
"2017-03-06",0.56,0.74,0.83,0.97,1.31,1.6,2.02,2.32,2.49,2.84,3.1
"2017-03-13",0.69,0.79,0.93,1.06,1.4,1.69,2.14,2.43,2.62,2.97,3.2
"2017-03-20",0.7,0.76,0.89,1.01,1.3,1.57,2,2.28,2.47,2.83,3.08
"2017-03-27",0.73,0.78,0.91,1,1.27,1.51,1.93,2.2,2.38,2.73,2.98
"2017-04-03",0.73,0.79,0.92,1.02,1.24,1.47,1.88,2.16,2.35,2.71,2.98
"2017-04-10",0.77,0.82,0.97,1.07,1.29,1.52,1.91,2.18,2.37,2.72,2.99
"2017-04-17",0.76,0.83,0.94,1.04,1.21,1.42,1.79,2.07,2.26,2.65,2.92
"2017-04-24",0.74,0.81,0.96,1.03,1.25,1.44,1.81,2.09,2.28,2.65,2.93
"2017-05-01",0.67,0.83,0.98,1.09,1.28,1.48,1.84,2.13,2.33,2.71,3
"2017-05-08",0.73,0.91,1.02,1.12,1.33,1.53,1.91,2.19,2.39,2.76,3.02
"2017-05-15",0.73,0.9,1.02,1.11,1.31,1.49,1.86,2.14,2.34,2.76,3
"2017-05-22",0.7,0.93,1.05,1.12,1.29,1.45,1.8,2.06,2.25,2.64,2.91
"2017-05-26",0.75,0.94,1.08,1.17,1.3,1.46,1.79,2.06,2.25,2.65,2.92
"2017-06-05",0.83,0.96,1.06,1.16,1.32,1.45,1.74,1.99,2.18,2.56,2.84
"2017-06-12",0.82,0.98,1.09,1.19,1.35,1.5,1.78,2.02,2.21,2.59,2.86
"2017-06-19",0.85,1.02,1.13,1.22,1.36,1.52,1.8,2.02,2.19,2.53,2.79
"2017-06-26",0.81,0.99,1.1,1.2,1.36,1.48,1.77,1.97,2.14,2.46,2.7
"2017-07-03",0.96,1.06,1.13,1.24,1.41,1.6,1.93,2.19,2.35,2.65,2.86
"2017-07-10",0.95,1.04,1.13,1.23,1.4,1.59,1.93,2.2,2.38,2.7,2.93
"2017-07-17",0.95,1.07,1.1,1.22,1.36,1.53,1.86,2.12,2.31,2.65,2.89
"2017-07-24",1,1.17,1.12,1.23,1.37,1.53,1.83,2.07,2.26,2.59,2.83
"2017-07-31",1,1.07,1.13,1.23,1.34,1.51,1.84,2.11,2.3,2.66,2.89
"2017-08-07",0.99,1.02,1.14,1.22,1.36,1.52,1.81,2.07,2.26,2.6,2.84
"2017-08-14",0.95,1.02,1.13,1.23,1.33,1.48,1.77,2.04,2.22,2.57,2.81
"2017-08-21",0.95,1,1.11,1.23,1.32,1.46,1.76,2,2.18,2.52,2.77
"2017-08-28",0.99,0.98,1.12,1.24,1.33,1.46,1.74,1.99,2.16,2.51,2.76
"2017-09-01",0.96,1.02,1.1,1.24,1.35,1.46,1.73,1.99,2.16,2.51,2.77
"2017-09-11",0.97,1.05,1.16,1.24,1.32,1.44,1.71,1.96,2.14,2.49,2.75
"2017-09-18",0.96,1.05,1.18,1.3,1.4,1.54,1.83,2.06,2.23,2.56,2.8
"2017-09-25",0.97,1.05,1.19,1.3,1.44,1.56,1.85,2.07,2.22,2.53,2.76
"2017-10-02",0.95,1.01,1.22,1.31,1.49,1.63,1.94,2.17,2.34,2.64,2.87
"2017-10-06",1.03,1.07,1.22,1.35,1.54,1.66,1.97,2.2,2.37,2.68,2.91
"2017-10-16",0.97,1.1,1.24,1.42,1.54,1.68,1.95,2.15,2.3,2.58,2.82
"2017-10-23",1,1.09,1.25,1.42,1.58,1.7,2.01,2.22,2.38,2.66,2.89
"2017-10-30",0.97,1.12,1.24,1.42,1.58,1.71,2,2.22,2.37,2.66,2.88
"2017-11-06",1.03,1.19,1.3,1.5,1.61,1.73,1.99,2.17,2.32,2.58,2.8
"2017-11-13",1.07,1.24,1.37,1.55,1.7,1.82,2.08,2.27,2.4,2.67,2.87
"2017-11-20",1.09,1.3,1.46,1.62,1.77,1.86,2.09,2.26,2.37,2.6,2.78
"2017-11-27",1.15,1.27,1.41,1.62,1.74,1.84,2.06,2.21,2.32,2.57,2.76
"2017-12-04",1.16,1.29,1.45,1.66,1.8,1.93,2.15,2.29,2.37,2.58,2.77
"2017-12-11",1.18,1.33,1.47,1.69,1.82,1.95,2.16,2.3,2.39,2.59,2.77
"2017-12-18",1.26,1.38,1.51,1.7,1.84,1.94,2.17,2.3,2.39,2.57,2.74
"2017-12-22",1.15,1.33,1.54,1.73,1.91,2.01,2.26,2.4,2.48,2.68,2.83
"2017-12-29",1.28,1.39,1.53,1.76,1.89,1.98,2.2,2.33,2.4,2.58,2.74
"2018-01-08",1.3,1.45,1.6,1.79,1.96,2.07,2.29,2.41,2.49,2.65,2.81
"2018-01-12",1.31,1.43,1.59,1.78,1.99,2.12,2.35,2.48,2.55,2.71,2.85
"2018-01-22",1.27,1.44,1.65,1.79,2.08,2.21,2.46,2.59,2.66,2.79,2.93
"2018-01-29",1.28,1.44,1.66,1.8,2.11,2.26,2.49,2.63,2.7,2.82,2.94
"2018-02-05",1.4,1.51,1.67,1.85,2.08,2.25,2.5,2.68,2.77,2.92,3.04
"2018-02-12",1.35,1.62,1.82,1.93,2.09,2.3,2.56,2.77,2.86,3.02,3.14
"2018-02-16",1.35,1.62,1.83,2,2.21,2.38,2.63,2.81,2.87,3.02,3.13
"2018-02-26",1.39,1.66,1.87,2.03,2.22,2.37,2.6,2.77,2.86,3.03,3.15
"2018-03-05",1.53,1.7,1.86,2.06,2.24,2.41,2.65,2.81,2.88,3.04,3.16
"2018-03-12",1.6,1.71,1.89,2.05,2.27,2.43,2.64,2.79,2.87,3,3.13
"2018-03-19",1.7,1.8,1.99,2.08,2.31,2.45,2.65,2.78,2.85,2.97,3.09
"2018-03-26",1.71,1.79,1.94,2.06,2.33,2.44,2.64,2.78,2.85,2.96,3.08
"2018-04-02",1.68,1.77,1.92,2.08,2.25,2.37,2.55,2.67,2.73,2.85,2.97
"2018-04-09",1.67,1.76,1.93,2.08,2.29,2.43,2.6,2.72,2.78,2.89,3.02
"2018-04-16",1.64,1.79,1.98,2.12,2.39,2.52,2.69,2.78,2.83,2.91,3.03
"2018-04-23",1.69,1.87,2.04,2.25,2.49,2.64,2.83,2.94,2.98,3.05,3.15
"2018-04-30",1.65,1.87,2.04,2.24,2.49,2.62,2.79,2.91,2.95,3.01,3.11
"2018-05-07",1.69,1.86,2.05,2.25,2.49,2.64,2.78,2.9,2.95,3.02,3.12
"2018-05-14",1.7,1.93,2.09,2.28,2.55,2.7,2.85,2.96,3,3.06,3.13
"2018-05-21",1.71,1.93,2.14,2.35,2.58,2.73,2.9,3.02,3.06,3.13,3.2
"2018-05-25",1.7,1.9,2.07,2.27,2.48,2.6,2.76,2.88,2.93,3.01,3.09
"2018-06-04",1.77,1.94,2.13,2.3,2.52,2.64,2.78,2.89,2.94,3,3.08
"2018-06-11",1.82,1.94,2.11,2.32,2.52,2.66,2.8,2.91,2.96,3.02,3.1
"2018-06-18",1.84,1.94,2.13,2.35,2.56,2.67,2.8,2.89,2.92,2.98,3.05
"2018-06-25",1.8,1.93,2.13,2.34,2.54,2.63,2.75,2.83,2.87,2.95,3.02
"2018-07-02",1.9,1.98,2.14,2.34,2.57,2.65,2.75,2.83,2.87,2.92,2.99
"2018-07-09",1.87,1.98,2.15,2.34,2.57,2.66,2.75,2.82,2.86,2.9,2.96
"2018-07-16",1.9,2.01,2.19,2.39,2.59,2.67,2.75,2.82,2.85,2.9,2.96
"2018-07-23",1.88,1.99,2.19,2.42,2.64,2.72,2.83,2.92,2.96,3.04,3.1
"2018-07-30",1.91,2.04,2.21,2.43,2.66,2.77,2.85,2.94,2.98,3.05,3.11
"2018-08-06",1.92,2.05,2.23,2.44,2.64,2.73,2.8,2.89,2.94,3.02,3.08
"2018-08-13",1.93,2.06,2.22,2.42,2.61,2.68,2.75,2.82,2.88,2.97,3.05
"2018-08-20",1.93,2.06,2.25,2.43,2.6,2.65,2.7,2.77,2.82,2.91,2.99
"2018-08-27",1.96,2.12,2.25,2.47,2.67,2.7,2.74,2.81,2.85,2.92,3
"2018-08-31",1.95,2.11,2.28,2.46,2.62,2.7,2.74,2.81,2.86,2.95,3.02
"2018-09-10",1.98,2.14,2.32,2.54,2.73,2.78,2.83,2.89,2.94,3.02,3.09
"2018-09-17",2.02,2.16,2.35,2.57,2.78,2.85,2.89,2.96,2.99,3.07,3.13
"2018-09-24",2.07,2.22,2.38,2.6,2.83,2.89,2.96,3.04,3.08,3.15,3.21
"2018-09-28",2.12,2.19,2.36,2.59,2.81,2.88,2.94,3.01,3.05,3.13,3.19
